total_pnl,max_drawdown,peak_pnl,total_trades,winning_trades,win_rate,lot1_pnl,lot2_pnl,lot3_pnl,scenario_used,trade_details,experiment_id,time_interval,lot1_stop_loss,lot2_stop_loss,lot3_stop_loss,take_profit
2311.2,-72.0,1926.0,15,12,80.0,806.4,752.4,752.4,trending_market,"[{'trade_id': 1, 'lot1_pnl': 60.0, 'lot2_pnl': 60.0, 'lot3_pnl': 60.0, 'trade_total_pnl': 180.0, 'cumulative_pnl': 180.0, 'peak_pnl': 180.0, 'current_drawdown': 0.0}, {'trade_id': 2, 'lot1_pnl': 45.0, 'lot2_pnl': 45.0, 'lot3_pnl': 45.0, 'trade_total_pnl': 135.0, 'cumulative_pnl': 315.0, 'peak_pnl': 315.0, 'current_drawdown': 0.0}, {'trade_id': 3, 'lot1_pnl': -10.0, 'lot2_pnl': -25.0, 'lot3_pnl': -25.0, 'trade_total_pnl': -60.0, 'cumulative_pnl': 255.0, 'peak_pnl': 315.0, 'current_drawdown': 60.0}, {'trade_id': 4, 'lot1_pnl': 75.0, 'lot2_pnl': 75.0, 'lot3_pnl': 75.0, 'trade_total_pnl': 225.0, 'cumulative_pnl': 480.0, 'peak_pnl': 480.0, 'current_drawdown': 0.0}, {'trade_id': 5, 'lot1_pnl': 54.0, 'lot2_pnl': 54.0, 'lot3_pnl': 54.0, 'trade_total_pnl': 162.0, 'cumulative_pnl': 642.0, 'peak_pnl': 642.0, 'current_drawdown': 0.0}, {'trade_id': 6, 'lot1_pnl': 60.0, 'lot2_pnl': 60.0, 'lot3_pnl': 60.0, 'trade_total_pnl': 180.0, 'cumulative_pnl': 822.0, 'peak_pnl': 822.0, 'current_drawdown': 0.0}, {'trade_id': 7, 'lot1_pnl': 45.0, 'lot2_pnl': 45.0, 'lot3_pnl': 45.0, 'trade_total_pnl': 135.0, 'cumulative_pnl': 957.0, 'peak_pnl': 957.0, 'current_drawdown': 0.0}, {'trade_id': 8, 'lot1_pnl': -10.0, 'lot2_pnl': -25.0, 'lot3_pnl': -25.0, 'trade_total_pnl': -60.0, 'cumulative_pnl': 897.0, 'peak_pnl': 957.0, 'current_drawdown': 60.0}, {'trade_id': 9, 'lot1_pnl': 75.0, 'lot2_pnl': 75.0, 'lot3_pnl': 75.0, 'trade_total_pnl': 225.0, 'cumulative_pnl': 1122.0, 'peak_pnl': 1122.0, 'current_drawdown': 0.0}, {'trade_id': 10, 'lot1_pnl': 54.0, 'lot2_pnl': 54.0, 'lot3_pnl': 54.0, 'trade_total_pnl': 162.0, 'cumulative_pnl': 1284.0, 'peak_pnl': 1284.0, 'current_drawdown': 0.0}, {'trade_id': 11, 'lot1_pnl': 60.0, 'lot2_pnl': 60.0, 'lot3_pnl': 60.0, 'trade_total_pnl': 180.0, 'cumulative_pnl': 1464.0, 'peak_pnl': 1464.0, 'current_drawdown': 0.0}, {'trade_id': 12, 'lot1_pnl': 45.0, 'lot2_pnl': 45.0, 'lot3_pnl': 45.0, 'trade_total_pnl': 135.0, 'cumulative_pnl': 1599.0, 'peak_pnl': 1599.0, 'current_drawdown': 0.0}, {'trade_id': 13, 'lot1_pnl': -10.0, 'lot2_pnl': -25.0, 'lot3_pnl': -25.0, 'trade_total_pnl': -60.0, 'cumulative_pnl': 1539.0, 'peak_pnl': 1599.0, 'current_drawdown': 60.0}, {'trade_id': 14, 'lot1_pnl': 75.0, 'lot2_pnl': 75.0, 'lot3_pnl': 75.0, 'trade_total_pnl': 225.0, 'cumulative_pnl': 1764.0, 'peak_pnl': 1764.0, 'current_drawdown': 0.0}, {'trade_id': 15, 'lot1_pnl': 54.0, 'lot2_pnl': 54.0, 'lot3_pnl': 54.0, 'trade_total_pnl': 162.0, 'cumulative_pnl': 1926.0, 'peak_pnl': 1926.0, 'current_drawdown': 0.0}]",10:3010:31_L1SL20_L2SL50_L3SL50_TP30,10:30-10:31,20,50,50,30
1584.0,-360.0,1320.0,18,6,33.33333333333333,864.0,504.0,216.0,consecutive_losses,"[{'trade_id': 1, 'lot1_pnl': -10.0, 'lot2_pnl': -35.0, 'lot3_pnl': -55.0, 'trade_total_pnl': -100.0, 'cumulative_pnl': -100.0, 'peak_pnl': 0, 'current_drawdown': 100.0}, {'trade_id': 2, 'lot1_pnl': -10.0, 'lot2_pnl': -35.0, 'lot3_pnl': -55.0, 'trade_total_pnl': -100.0, 'cumulative_pnl': -200.0, 'peak_pnl': 0, 'current_drawdown': 200.0}, {'trade_id': 3, 'lot1_pnl': -10.0, 'lot2_pnl': -35.0, 'lot3_pnl': -55.0, 'trade_total_pnl': -100.0, 'cumulative_pnl': -300.0, 'peak_pnl': 0, 'current_drawdown': 300.0}, {'trade_id': 4, 'lot1_pnl': 140.0, 'lot2_pnl': 140.0, 'lot3_pnl': 140.0, 'trade_total_pnl': 420.0, 'cumulative_pnl': 120.0, 'peak_pnl': 120.0, 'current_drawdown': 0.0}, {'trade_id': 5, 'lot1_pnl': -10.0, 'lot2_pnl': -35.0, 'lot3_pnl': -55.0, 'trade_total_pnl': -100.0, 'cumulative_pnl': 20.0, 'peak_pnl': 120.0, 'current_drawdown': 100.0}, {'trade_id': 6, 'lot1_pnl': 140.0, 'lot2_pnl': 140.0, 'lot3_pnl': 140.0, 'trade_total_pnl': 420.0, 'cumulative_pnl': 440.0, 'peak_pnl': 440.0, 'current_drawdown': 0.0}, {'trade_id': 7, 'lot1_pnl': -10.0, 'lot2_pnl': -35.0, 'lot3_pnl': -55.0, 'trade_total_pnl': -100.0, 'cumulative_pnl': 340.0, 'peak_pnl': 440.0, 'current_drawdown': 100.0}, {'trade_id': 8, 'lot1_pnl': -10.0, 'lot2_pnl': -35.0, 'lot3_pnl': -55.0, 'trade_total_pnl': -100.0, 'cumulative_pnl': 240.0, 'peak_pnl': 440.0, 'current_drawdown': 200.0}, {'trade_id': 9, 'lot1_pnl': -10.0, 'lot2_pnl': -35.0, 'lot3_pnl': -55.0, 'trade_total_pnl': -100.0, 'cumulative_pnl': 140.0, 'peak_pnl': 440.0, 'current_drawdown': 300.0}, {'trade_id': 10, 'lot1_pnl': 140.0, 'lot2_pnl': 140.0, 'lot3_pnl': 140.0, 'trade_total_pnl': 420.0, 'cumulative_pnl': 560.0, 'peak_pnl': 560.0, 'current_drawdown': 0.0}, {'trade_id': 11, 'lot1_pnl': -10.0, 'lot2_pnl': -35.0, 'lot3_pnl': -55.0, 'trade_total_pnl': -100.0, 'cumulative_pnl': 460.0, 'peak_pnl': 560.0, 'current_drawdown': 100.0}, {'trade_id': 12, 'lot1_pnl': 140.0, 'lot2_pnl': 140.0, 'lot3_pnl': 140.0, 'trade_total_pnl': 420.0, 'cumulative_pnl': 880.0, 'peak_pnl': 880.0, 'current_drawdown': 0.0}, {'trade_id': 13, 'lot1_pnl': -10.0, 'lot2_pnl': -35.0, 'lot3_pnl': -55.0, 'trade_total_pnl': -100.0, 'cumulative_pnl': 780.0, 'peak_pnl': 880.0, 'current_drawdown': 100.0}, {'trade_id': 14, 'lot1_pnl': -10.0, 'lot2_pnl': -35.0, 'lot3_pnl': -55.0, 'trade_total_pnl': -100.0, 'cumulative_pnl': 680.0, 'peak_pnl': 880.0, 'current_drawdown': 200.0}, {'trade_id': 15, 'lot1_pnl': -10.0, 'lot2_pnl': -35.0, 'lot3_pnl': -55.0, 'trade_total_pnl': -100.0, 'cumulative_pnl': 580.0, 'peak_pnl': 880.0, 'current_drawdown': 300.0}, {'trade_id': 16, 'lot1_pnl': 140.0, 'lot2_pnl': 140.0, 'lot3_pnl': 140.0, 'trade_total_pnl': 420.0, 'cumulative_pnl': 1000.0, 'peak_pnl': 1000.0, 'current_drawdown': 0.0}, {'trade_id': 17, 'lot1_pnl': -10.0, 'lot2_pnl': -35.0, 'lot3_pnl': -55.0, 'trade_total_pnl': -100.0, 'cumulative_pnl': 900.0, 'peak_pnl': 1000.0, 'current_drawdown': 100.0}, {'trade_id': 18, 'lot1_pnl': 140.0, 'lot2_pnl': 140.0, 'lot3_pnl': 140.0, 'trade_total_pnl': 420.0, 'cumulative_pnl': 1320.0, 'peak_pnl': 1320.0, 'current_drawdown': 0.0}]",10:3010:31_L1SL10_L2SL35_L3SL55_TP70,10:30-10:31,10,35,55,70
4905.900000000001,-49.5,5451.0,15,12,80.0,1657.8,1630.8,1617.3,trending_market,"[{'trade_id': 1, 'lot1_pnl': 160.0, 'lot2_pnl': 160.0, 'lot3_pnl': 160.0, 'trade_total_pnl': 480.0, 'cumulative_pnl': 480.0, 'peak_pnl': 480.0, 'current_drawdown': 0.0}, {'trade_id': 2, 'lot1_pnl': 120.0, 'lot2_pnl': 120.0, 'lot3_pnl': 120.0, 'trade_total_pnl': 360.0, 'cumulative_pnl': 840.0, 'peak_pnl': 840.0, 'current_drawdown': 0.0}, {'trade_id': 3, 'lot1_pnl': -10.0, 'lot2_pnl': -20.0, 'lot3_pnl': -25.0, 'trade_total_pnl': -55.0, 'cumulative_pnl': 785.0, 'peak_pnl': 840.0, 'current_drawdown': 55.0}, {'trade_id': 4, 'lot1_pnl': 200.0, 'lot2_pnl': 200.0, 'lot3_pnl': 200.0, 'trade_total_pnl': 600.0, 'cumulative_pnl': 1385.0, 'peak_pnl': 1385.0, 'current_drawdown': 0.0}, {'trade_id': 5, 'lot1_pnl': 144.0, 'lot2_pnl': 144.0, 'lot3_pnl': 144.0, 'trade_total_pnl': 432.0, 'cumulative_pnl': 1817.0, 'peak_pnl': 1817.0, 'current_drawdown': 0.0}, {'trade_id': 6, 'lot1_pnl': 160.0, 'lot2_pnl': 160.0, 'lot3_pnl': 160.0, 'trade_total_pnl': 480.0, 'cumulative_pnl': 2297.0, 'peak_pnl': 2297.0, 'current_drawdown': 0.0}, {'trade_id': 7, 'lot1_pnl': 120.0, 'lot2_pnl': 120.0, 'lot3_pnl': 120.0, 'trade_total_pnl': 360.0, 'cumulative_pnl': 2657.0, 'peak_pnl': 2657.0, 'current_drawdown': 0.0}, {'trade_id': 8, 'lot1_pnl': -10.0, 'lot2_pnl': -20.0, 'lot3_pnl': -25.0, 'trade_total_pnl': -55.0, 'cumulative_pnl': 2602.0, 'peak_pnl': 2657.0, 'current_drawdown': 55.0}, {'trade_id': 9, 'lot1_pnl': 200.0, 'lot2_pnl': 200.0, 'lot3_pnl': 200.0, 'trade_total_pnl': 600.0, 'cumulative_pnl': 3202.0, 'peak_pnl': 3202.0, 'current_drawdown': 0.0}, {'trade_id': 10, 'lot1_pnl': 144.0, 'lot2_pnl': 144.0, 'lot3_pnl': 144.0, 'trade_total_pnl': 432.0, 'cumulative_pnl': 3634.0, 'peak_pnl': 3634.0, 'current_drawdown': 0.0}, {'trade_id': 11, 'lot1_pnl': 160.0, 'lot2_pnl': 160.0, 'lot3_pnl': 160.0, 'trade_total_pnl': 480.0, 'cumulative_pnl': 4114.0, 'peak_pnl': 4114.0, 'current_drawdown': 0.0}, {'trade_id': 12, 'lot1_pnl': 120.0, 'lot2_pnl': 120.0, 'lot3_pnl': 120.0, 'trade_total_pnl': 360.0, 'cumulative_pnl': 4474.0, 'peak_pnl': 4474.0, 'current_drawdown': 0.0}, {'trade_id': 13, 'lot1_pnl': -10.0, 'lot2_pnl': -20.0, 'lot3_pnl': -25.0, 'trade_total_pnl': -55.0, 'cumulative_pnl': 4419.0, 'peak_pnl': 4474.0, 'current_drawdown': 55.0}, {'trade_id': 14, 'lot1_pnl': 200.0, 'lot2_pnl': 200.0, 'lot3_pnl': 200.0, 'trade_total_pnl': 600.0, 'cumulative_pnl': 5019.0, 'peak_pnl': 5019.0, 'current_drawdown': 0.0}, {'trade_id': 15, 'lot1_pnl': 144.0, 'lot2_pnl': 144.0, 'lot3_pnl': 144.0, 'trade_total_pnl': 432.0, 'cumulative_pnl': 5451.0, 'peak_pnl': 5451.0, 'current_drawdown': 0.0}]",11:3011:31_L1SL20_L2SL40_L3SL50_TP80,11:30-11:31,20,40,50,80
-1620.0,-1620.0,0.0,15,0,0.0,-202.5,-675.0,-742.5,worst_case,"[{'trade_id': 1, 'lot1_pnl': -15.0, 'lot2_pnl': -50.0, 'lot3_pnl': -55.0, 'trade_total_pnl': -120.0, 'cumulative_pnl': -120.0, 'peak_pnl': 0, 'current_drawdown': 120.0}, {'trade_id': 2, 'lot1_pnl': -15.0, 'lot2_pnl': -50.0, 'lot3_pnl': -55.0, 'trade_total_pnl': -120.0, 'cumulative_pnl': -240.0, 'peak_pnl': 0, 'current_drawdown': 240.0}, {'trade_id': 3, 'lot1_pnl': -15.0, 'lot2_pnl': -50.0, 'lot3_pnl': -55.0, 'trade_total_pnl': -120.0, 'cumulative_pnl': -360.0, 'peak_pnl': 0, 'current_drawdown': 360.0}, {'trade_id': 4, 'lot1_pnl': -15.0, 'lot2_pnl': -50.0, 'lot3_pnl': -55.0, 'trade_total_pnl': -120.0, 'cumulative_pnl': -480.0, 'peak_pnl': 0, 'current_drawdown': 480.0}, {'trade_id': 5, 'lot1_pnl': -15.0, 'lot2_pnl': -50.0, 'lot3_pnl': -55.0, 'trade_total_pnl': -120.0, 'cumulative_pnl': -600.0, 'peak_pnl': 0, 'current_drawdown': 600.0}, {'trade_id': 6, 'lot1_pnl': -15.0, 'lot2_pnl': -50.0, 'lot3_pnl': -55.0, 'trade_total_pnl': -120.0, 'cumulative_pnl': -720.0, 'peak_pnl': 0, 'current_drawdown': 720.0}, {'trade_id': 7, 'lot1_pnl': -15.0, 'lot2_pnl': -50.0, 'lot3_pnl': -55.0, 'trade_total_pnl': -120.0, 'cumulative_pnl': -840.0, 'peak_pnl': 0, 'current_drawdown': 840.0}, {'trade_id': 8, 'lot1_pnl': -15.0, 'lot2_pnl': -50.0, 'lot3_pnl': -55.0, 'trade_total_pnl': -120.0, 'cumulative_pnl': -960.0, 'peak_pnl': 0, 'current_drawdown': 960.0}, {'trade_id': 9, 'lot1_pnl': -15.0, 'lot2_pnl': -50.0, 'lot3_pnl': -55.0, 'trade_total_pnl': -120.0, 'cumulative_pnl': -1080.0, 'peak_pnl': 0, 'current_drawdown': 1080.0}, {'trade_id': 10, 'lot1_pnl': -15.0, 'lot2_pnl': -50.0, 'lot3_pnl': -55.0, 'trade_total_pnl': -120.0, 'cumulative_pnl': -1200.0, 'peak_pnl': 0, 'current_drawdown': 1200.0}, {'trade_id': 11, 'lot1_pnl': -15.0, 'lot2_pnl': -50.0, 'lot3_pnl': -55.0, 'trade_total_pnl': -120.0, 'cumulative_pnl': -1320.0, 'peak_pnl': 0, 'current_drawdown': 1320.0}, {'trade_id': 12, 'lot1_pnl': -15.0, 'lot2_pnl': -50.0, 'lot3_pnl': -55.0, 'trade_total_pnl': -120.0, 'cumulative_pnl': -1440.0, 'peak_pnl': 0, 'current_drawdown': 1440.0}, {'trade_id': 13, 'lot1_pnl': -15.0, 'lot2_pnl': -50.0, 'lot3_pnl': -55.0, 'trade_total_pnl': -120.0, 'cumulative_pnl': -1560.0, 'peak_pnl': 0, 'current_drawdown': 1560.0}, {'trade_id': 14, 'lot1_pnl': -15.0, 'lot2_pnl': -50.0, 'lot3_pnl': -55.0, 'trade_total_pnl': -120.0, 'cumulative_pnl': -1680.0, 'peak_pnl': 0, 'current_drawdown': 1680.0}, {'trade_id': 15, 'lot1_pnl': -15.0, 'lot2_pnl': -50.0, 'lot3_pnl': -55.0, 'trade_total_pnl': -120.0, 'cumulative_pnl': -1800.0, 'peak_pnl': 0, 'current_drawdown': 1800.0}]",11:3011:31_L1SL15_L2SL50_L3SL55_TP90,11:30-11:31,15,50,55,90
2470.5,-216.0,2745.0,15,9,60.0,918.0,796.5,756.0,big_loss_recovery,"[{'trade_id': 1, 'lot1_pnl': 105.0, 'lot2_pnl': 105.0, 'lot3_pnl': 105.0, 'trade_total_pnl': 315.0, 'cumulative_pnl': 315.0, 'peak_pnl': 315.0, 'current_drawdown': 0.0}, {'trade_id': 2, 'lot1_pnl': -30.0, 'lot2_pnl': -60.0, 'lot3_pnl': -70.0, 'trade_total_pnl': -160.0, 'cumulative_pnl': 155.0, 'peak_pnl': 315.0, 'current_drawdown': 160.0}, {'trade_id': 3, 'lot1_pnl': -15.0, 'lot2_pnl': -30.0, 'lot3_pnl': -35.0, 'trade_total_pnl': -80.0, 'cumulative_pnl': 75.0, 'peak_pnl': 315.0, 'current_drawdown': 240.0}, {'trade_id': 4, 'lot1_pnl': 210.0, 'lot2_pnl': 210.0, 'lot3_pnl': 210.0, 'trade_total_pnl': 630.0, 'cumulative_pnl': 705.0, 'peak_pnl': 705.0, 'current_drawdown': 0.0}, {'trade_id': 5, 'lot1_pnl': 70.0, 'lot2_pnl': 70.0, 'lot3_pnl': 70.0, 'trade_total_pnl': 210.0, 'cumulative_pnl': 915.0, 'peak_pnl': 915.0, 'current_drawdown': 0.0}, {'trade_id': 6, 'lot1_pnl': 105.0, 'lot2_pnl': 105.0, 'lot3_pnl': 105.0, 'trade_total_pnl': 315.0, 'cumulative_pnl': 1230.0, 'peak_pnl': 1230.0, 'current_drawdown': 0.0}, {'trade_id': 7, 'lot1_pnl': -30.0, 'lot2_pnl': -60.0, 'lot3_pnl': -70.0, 'trade_total_pnl': -160.0, 'cumulative_pnl': 1070.0, 'peak_pnl': 1230.0, 'current_drawdown': 160.0}, {'trade_id': 8, 'lot1_pnl': -15.0, 'lot2_pnl': -30.0, 'lot3_pnl': -35.0, 'trade_total_pnl': -80.0, 'cumulative_pnl': 990.0, 'peak_pnl': 1230.0, 'current_drawdown': 240.0}, {'trade_id': 9, 'lot1_pnl': 210.0, 'lot2_pnl': 210.0, 'lot3_pnl': 210.0, 'trade_total_pnl': 630.0, 'cumulative_pnl': 1620.0, 'peak_pnl': 1620.0, 'current_drawdown': 0.0}, {'trade_id': 10, 'lot1_pnl': 70.0, 'lot2_pnl': 70.0, 'lot3_pnl': 70.0, 'trade_total_pnl': 210.0, 'cumulative_pnl': 1830.0, 'peak_pnl': 1830.0, 'current_drawdown': 0.0}, {'trade_id': 11, 'lot1_pnl': 105.0, 'lot2_pnl': 105.0, 'lot3_pnl': 105.0, 'trade_total_pnl': 315.0, 'cumulative_pnl': 2145.0, 'peak_pnl': 2145.0, 'current_drawdown': 0.0}, {'trade_id': 12, 'lot1_pnl': -30.0, 'lot2_pnl': -60.0, 'lot3_pnl': -70.0, 'trade_total_pnl': -160.0, 'cumulative_pnl': 1985.0, 'peak_pnl': 2145.0, 'current_drawdown': 160.0}, {'trade_id': 13, 'lot1_pnl': -15.0, 'lot2_pnl': -30.0, 'lot3_pnl': -35.0, 'trade_total_pnl': -80.0, 'cumulative_pnl': 1905.0, 'peak_pnl': 2145.0, 'current_drawdown': 240.0}, {'trade_id': 14, 'lot1_pnl': 210.0, 'lot2_pnl': 210.0, 'lot3_pnl': 210.0, 'trade_total_pnl': 630.0, 'cumulative_pnl': 2535.0, 'peak_pnl': 2535.0, 'current_drawdown': 0.0}, {'trade_id': 15, 'lot1_pnl': 70.0, 'lot2_pnl': 70.0, 'lot3_pnl': 70.0, 'trade_total_pnl': 210.0, 'cumulative_pnl': 2745.0, 'peak_pnl': 2745.0, 'current_drawdown': 0.0}]",11:3011:31_L1SL15_L2SL30_L3SL35_TP70,11:30-11:31,15,30,35,70
4215.599999999999,-151.79999999999998,3513.0,21,12,57.14285714285714,1530.0,1342.8,1342.8,volatile_market,"[{'trade_id': 1, 'lot1_pnl': 100.0, 'lot2_pnl': 100.0, 'lot3_pnl': 100.0, 'trade_total_pnl': 300.0, 'cumulative_pnl': 300.0, 'peak_pnl': 300.0, 'current_drawdown': 0.0}, {'trade_id': 2, 'lot1_pnl': -20.0, 'lot2_pnl': -36.0, 'lot3_pnl': -36.0, 'trade_total_pnl': -92.0, 'cumulative_pnl': 208.0, 'peak_pnl': 300.0, 'current_drawdown': 92.0}, {'trade_id': 3, 'lot1_pnl': 120.0, 'lot2_pnl': 120.0, 'lot3_pnl': 120.0, 'trade_total_pnl': 360.0, 'cumulative_pnl': 568.0, 'peak_pnl': 568.0, 'current_drawdown': 0.0}, {'trade_id': 4, 'lot1_pnl': -27.500000000000004, 'lot2_pnl': -49.50000000000001, 'lot3_pnl': -49.50000000000001, 'trade_total_pnl': -126.50000000000003, 'cumulative_pnl': 441.5, 'peak_pnl': 568.0, 'current_drawdown': 126.5}, {'trade_id': 5, 'lot1_pnl': 90.0, 'lot2_pnl': 90.0, 'lot3_pnl': 90.0, 'trade_total_pnl': 270.0, 'cumulative_pnl': 711.5, 'peak_pnl': 711.5, 'current_drawdown': 0.0}, {'trade_id': 6, 'lot1_pnl': -17.5, 'lot2_pnl': -31.499999999999996, 'lot3_pnl': -31.499999999999996, 'trade_total_pnl': -80.5, 'cumulative_pnl': 631.0, 'peak_pnl': 711.5, 'current_drawdown': 80.5}, {'trade_id': 7, 'lot1_pnl': 180.0, 'lot2_pnl': 180.0, 'lot3_pnl': 180.0, 'trade_total_pnl': 540.0, 'cumulative_pnl': 1171.0, 'peak_pnl': 1171.0, 'current_drawdown': 0.0}, {'trade_id': 8, 'lot1_pnl': 100.0, 'lot2_pnl': 100.0, 'lot3_pnl': 100.0, 'trade_total_pnl': 300.0, 'cumulative_pnl': 1471.0, 'peak_pnl': 1471.0, 'current_drawdown': 0.0}, {'trade_id': 9, 'lot1_pnl': -20.0, 'lot2_pnl': -36.0, 'lot3_pnl': -36.0, 'trade_total_pnl': -92.0, 'cumulative_pnl': 1379.0, 'peak_pnl': 1471.0, 'current_drawdown': 92.0}, {'trade_id': 10, 'lot1_pnl': 120.0, 'lot2_pnl': 120.0, 'lot3_pnl': 120.0, 'trade_total_pnl': 360.0, 'cumulative_pnl': 1739.0, 'peak_pnl': 1739.0, 'current_drawdown': 0.0}, {'trade_id': 11, 'lot1_pnl': -27.500000000000004, 'lot2_pnl': -49.50000000000001, 'lot3_pnl': -49.50000000000001, 'trade_total_pnl': -126.50000000000003, 'cumulative_pnl': 1612.5, 'peak_pnl': 1739.0, 'current_drawdown': 126.5}, {'trade_id': 12, 'lot1_pnl': 90.0, 'lot2_pnl': 90.0, 'lot3_pnl': 90.0, 'trade_total_pnl': 270.0, 'cumulative_pnl': 1882.5, 'peak_pnl': 1882.5, 'current_drawdown': 0.0}, {'trade_id': 13, 'lot1_pnl': -17.5, 'lot2_pnl': -31.499999999999996, 'lot3_pnl': -31.499999999999996, 'trade_total_pnl': -80.5, 'cumulative_pnl': 1802.0, 'peak_pnl': 1882.5, 'current_drawdown': 80.5}, {'trade_id': 14, 'lot1_pnl': 180.0, 'lot2_pnl': 180.0, 'lot3_pnl': 180.0, 'trade_total_pnl': 540.0, 'cumulative_pnl': 2342.0, 'peak_pnl': 2342.0, 'current_drawdown': 0.0}, {'trade_id': 15, 'lot1_pnl': 100.0, 'lot2_pnl': 100.0, 'lot3_pnl': 100.0, 'trade_total_pnl': 300.0, 'cumulative_pnl': 2642.0, 'peak_pnl': 2642.0, 'current_drawdown': 0.0}, {'trade_id': 16, 'lot1_pnl': -20.0, 'lot2_pnl': -36.0, 'lot3_pnl': -36.0, 'trade_total_pnl': -92.0, 'cumulative_pnl': 2550.0, 'peak_pnl': 2642.0, 'current_drawdown': 92.0}, {'trade_id': 17, 'lot1_pnl': 120.0, 'lot2_pnl': 120.0, 'lot3_pnl': 120.0, 'trade_total_pnl': 360.0, 'cumulative_pnl': 2910.0, 'peak_pnl': 2910.0, 'current_drawdown': 0.0}, {'trade_id': 18, 'lot1_pnl': -27.500000000000004, 'lot2_pnl': -49.50000000000001, 'lot3_pnl': -49.50000000000001, 'trade_total_pnl': -126.50000000000003, 'cumulative_pnl': 2783.5, 'peak_pnl': 2910.0, 'current_drawdown': 126.5}, {'trade_id': 19, 'lot1_pnl': 90.0, 'lot2_pnl': 90.0, 'lot3_pnl': 90.0, 'trade_total_pnl': 270.0, 'cumulative_pnl': 3053.5, 'peak_pnl': 3053.5, 'current_drawdown': 0.0}, {'trade_id': 20, 'lot1_pnl': -17.5, 'lot2_pnl': -31.499999999999996, 'lot3_pnl': -31.499999999999996, 'trade_total_pnl': -80.5, 'cumulative_pnl': 2973.0, 'peak_pnl': 3053.5, 'current_drawdown': 80.5}, {'trade_id': 21, 'lot1_pnl': 180.0, 'lot2_pnl': 180.0, 'lot3_pnl': 180.0, 'trade_total_pnl': 540.0, 'cumulative_pnl': 3513.0, 'peak_pnl': 3513.0, 'current_drawdown': 0.0}]",10:3010:31_L1SL25_L2SL45_L3SL45_TP100,10:30-10:31,25,45,45,100
4215.599999999999,-151.79999999999998,3513.0,21,12,57.14285714285714,1576.8,1436.3999999999999,1202.3999999999999,volatile_market,"[{'trade_id': 1, 'lot1_pnl': 100.0, 'lot2_pnl': 100.0, 'lot3_pnl': 100.0, 'trade_total_pnl': 300.0, 'cumulative_pnl': 300.0, 'peak_pnl': 300.0, 'current_drawdown': 0.0}, {'trade_id': 2, 'lot1_pnl': -16.0, 'lot2_pnl': -28.0, 'lot3_pnl': -48.0, 'trade_total_pnl': -92.0, 'cumulative_pnl': 208.0, 'peak_pnl': 300.0, 'current_drawdown': 92.0}, {'trade_id': 3, 'lot1_pnl': 120.0, 'lot2_pnl': 120.0, 'lot3_pnl': 120.0, 'trade_total_pnl': 360.0, 'cumulative_pnl': 568.0, 'peak_pnl': 568.0, 'current_drawdown': 0.0}, {'trade_id': 4, 'lot1_pnl': -22.0, 'lot2_pnl': -38.5, 'lot3_pnl': -66.0, 'trade_total_pnl': -126.5, 'cumulative_pnl': 441.5, 'peak_pnl': 568.0, 'current_drawdown': 126.5}, {'trade_id': 5, 'lot1_pnl': 90.0, 'lot2_pnl': 90.0, 'lot3_pnl': 90.0, 'trade_total_pnl': 270.0, 'cumulative_pnl': 711.5, 'peak_pnl': 711.5, 'current_drawdown': 0.0}, {'trade_id': 6, 'lot1_pnl': -14.0, 'lot2_pnl': -24.5, 'lot3_pnl': -42.0, 'trade_total_pnl': -80.5, 'cumulative_pnl': 631.0, 'peak_pnl': 711.5, 'current_drawdown': 80.5}, {'trade_id': 7, 'lot1_pnl': 180.0, 'lot2_pnl': 180.0, 'lot3_pnl': 180.0, 'trade_total_pnl': 540.0, 'cumulative_pnl': 1171.0, 'peak_pnl': 1171.0, 'current_drawdown': 0.0}, {'trade_id': 8, 'lot1_pnl': 100.0, 'lot2_pnl': 100.0, 'lot3_pnl': 100.0, 'trade_total_pnl': 300.0, 'cumulative_pnl': 1471.0, 'peak_pnl': 1471.0, 'current_drawdown': 0.0}, {'trade_id': 9, 'lot1_pnl': -16.0, 'lot2_pnl': -28.0, 'lot3_pnl': -48.0, 'trade_total_pnl': -92.0, 'cumulative_pnl': 1379.0, 'peak_pnl': 1471.0, 'current_drawdown': 92.0}, {'trade_id': 10, 'lot1_pnl': 120.0, 'lot2_pnl': 120.0, 'lot3_pnl': 120.0, 'trade_total_pnl': 360.0, 'cumulative_pnl': 1739.0, 'peak_pnl': 1739.0, 'current_drawdown': 0.0}, {'trade_id': 11, 'lot1_pnl': -22.0, 'lot2_pnl': -38.5, 'lot3_pnl': -66.0, 'trade_total_pnl': -126.5, 'cumulative_pnl': 1612.5, 'peak_pnl': 1739.0, 'current_drawdown': 126.5}, {'trade_id': 12, 'lot1_pnl': 90.0, 'lot2_pnl': 90.0, 'lot3_pnl': 90.0, 'trade_total_pnl': 270.0, 'cumulative_pnl': 1882.5, 'peak_pnl': 1882.5, 'current_drawdown': 0.0}, {'trade_id': 13, 'lot1_pnl': -14.0, 'lot2_pnl': -24.5, 'lot3_pnl': -42.0, 'trade_total_pnl': -80.5, 'cumulative_pnl': 1802.0, 'peak_pnl': 1882.5, 'current_drawdown': 80.5}, {'trade_id': 14, 'lot1_pnl': 180.0, 'lot2_pnl': 180.0, 'lot3_pnl': 180.0, 'trade_total_pnl': 540.0, 'cumulative_pnl': 2342.0, 'peak_pnl': 2342.0, 'current_drawdown': 0.0}, {'trade_id': 15, 'lot1_pnl': 100.0, 'lot2_pnl': 100.0, 'lot3_pnl': 100.0, 'trade_total_pnl': 300.0, 'cumulative_pnl': 2642.0, 'peak_pnl': 2642.0, 'current_drawdown': 0.0}, {'trade_id': 16, 'lot1_pnl': -16.0, 'lot2_pnl': -28.0, 'lot3_pnl': -48.0, 'trade_total_pnl': -92.0, 'cumulative_pnl': 2550.0, 'peak_pnl': 2642.0, 'current_drawdown': 92.0}, {'trade_id': 17, 'lot1_pnl': 120.0, 'lot2_pnl': 120.0, 'lot3_pnl': 120.0, 'trade_total_pnl': 360.0, 'cumulative_pnl': 2910.0, 'peak_pnl': 2910.0, 'current_drawdown': 0.0}, {'trade_id': 18, 'lot1_pnl': -22.0, 'lot2_pnl': -38.5, 'lot3_pnl': -66.0, 'trade_total_pnl': -126.5, 'cumulative_pnl': 2783.5, 'peak_pnl': 2910.0, 'current_drawdown': 126.5}, {'trade_id': 19, 'lot1_pnl': 90.0, 'lot2_pnl': 90.0, 'lot3_pnl': 90.0, 'trade_total_pnl': 270.0, 'cumulative_pnl': 3053.5, 'peak_pnl': 3053.5, 'current_drawdown': 0.0}, {'trade_id': 20, 'lot1_pnl': -14.0, 'lot2_pnl': -24.5, 'lot3_pnl': -42.0, 'trade_total_pnl': -80.5, 'cumulative_pnl': 2973.0, 'peak_pnl': 3053.5, 'current_drawdown': 80.5}, {'trade_id': 21, 'lot1_pnl': 180.0, 'lot2_pnl': 180.0, 'lot3_pnl': 180.0, 'trade_total_pnl': 540.0, 'cumulative_pnl': 3513.0, 'peak_pnl': 3513.0, 'current_drawdown': 0.0}]",10:3010:31_L1SL20_L2SL35_L3SL60_TP100,10:30-10:31,20,35,60,100
756.0,-342.0,630.0,15,9,60.0,378.0,324.0,54.0,big_loss_recovery,"[{'trade_id': 1, 'lot1_pnl': 45.0, 'lot2_pnl': 45.0, 'lot3_pnl': 45.0, 'trade_total_pnl': 135.0, 'cumulative_pnl': 135.0, 'peak_pnl': 135.0, 'current_drawdown': 0.0}, {'trade_id': 2, 'lot1_pnl': -40.0, 'lot2_pnl': -50.0, 'lot3_pnl': -100.0, 'trade_total_pnl': -190.0, 'cumulative_pnl': -55.0, 'peak_pnl': 135.0, 'current_drawdown': 190.0}, {'trade_id': 3, 'lot1_pnl': -20.0, 'lot2_pnl': -25.0, 'lot3_pnl': -50.0, 'trade_total_pnl': -95.0, 'cumulative_pnl': -150.0, 'peak_pnl': 135.0, 'current_drawdown': 285.0}, {'trade_id': 4, 'lot1_pnl': 90.0, 'lot2_pnl': 90.0, 'lot3_pnl': 90.0, 'trade_total_pnl': 270.0, 'cumulative_pnl': 120.0, 'peak_pnl': 135.0, 'current_drawdown': 15.0}, {'trade_id': 5, 'lot1_pnl': 30.0, 'lot2_pnl': 30.0, 'lot3_pnl': 30.0, 'trade_total_pnl': 90.0, 'cumulative_pnl': 210.0, 'peak_pnl': 210.0, 'current_drawdown': 0.0}, {'trade_id': 6, 'lot1_pnl': 45.0, 'lot2_pnl': 45.0, 'lot3_pnl': 45.0, 'trade_total_pnl': 135.0, 'cumulative_pnl': 345.0, 'peak_pnl': 345.0, 'current_drawdown': 0.0}, {'trade_id': 7, 'lot1_pnl': -40.0, 'lot2_pnl': -50.0, 'lot3_pnl': -100.0, 'trade_total_pnl': -190.0, 'cumulative_pnl': 155.0, 'peak_pnl': 345.0, 'current_drawdown': 190.0}, {'trade_id': 8, 'lot1_pnl': -20.0, 'lot2_pnl': -25.0, 'lot3_pnl': -50.0, 'trade_total_pnl': -95.0, 'cumulative_pnl': 60.0, 'peak_pnl': 345.0, 'current_drawdown': 285.0}, {'trade_id': 9, 'lot1_pnl': 90.0, 'lot2_pnl': 90.0, 'lot3_pnl': 90.0, 'trade_total_pnl': 270.0, 'cumulative_pnl': 330.0, 'peak_pnl': 345.0, 'current_drawdown': 15.0}, {'trade_id': 10, 'lot1_pnl': 30.0, 'lot2_pnl': 30.0, 'lot3_pnl': 30.0, 'trade_total_pnl': 90.0, 'cumulative_pnl': 420.0, 'peak_pnl': 420.0, 'current_drawdown': 0.0}, {'trade_id': 11, 'lot1_pnl': 45.0, 'lot2_pnl': 45.0, 'lot3_pnl': 45.0, 'trade_total_pnl': 135.0, 'cumulative_pnl': 555.0, 'peak_pnl': 555.0, 'current_drawdown': 0.0}, {'trade_id': 12, 'lot1_pnl': -40.0, 'lot2_pnl': -50.0, 'lot3_pnl': -100.0, 'trade_total_pnl': -190.0, 'cumulative_pnl': 365.0, 'peak_pnl': 555.0, 'current_drawdown': 190.0}, {'trade_id': 13, 'lot1_pnl': -20.0, 'lot2_pnl': -25.0, 'lot3_pnl': -50.0, 'trade_total_pnl': -95.0, 'cumulative_pnl': 270.0, 'peak_pnl': 555.0, 'current_drawdown': 285.0}, {'trade_id': 14, 'lot1_pnl': 90.0, 'lot2_pnl': 90.0, 'lot3_pnl': 90.0, 'trade_total_pnl': 270.0, 'cumulative_pnl': 540.0, 'peak_pnl': 555.0, 'current_drawdown': 15.0}, {'trade_id': 15, 'lot1_pnl': 30.0, 'lot2_pnl': 30.0, 'lot3_pnl': 30.0, 'trade_total_pnl': 90.0, 'cumulative_pnl': 630.0, 'peak_pnl': 630.0, 'current_drawdown': 0.0}]",10:3010:31_L1SL20_L2SL25_L3SL50_TP30,10:30-10:31,20,25,50,30
434.40000000000003,-88.0,543.0,21,12,57.14285714285714,228.0,228.0,-21.6,volatile_market,"[{'trade_id': 1, 'lot1_pnl': 30.0, 'lot2_pnl': 30.0, 'lot3_pnl': 30.0, 'trade_total_pnl': 90.0, 'cumulative_pnl': 90.0, 'peak_pnl': 90.0, 'current_drawdown': 0.0}, {'trade_id': 2, 'lot1_pnl': -16.0, 'lot2_pnl': -16.0, 'lot3_pnl': -48.0, 'trade_total_pnl': -80.0, 'cumulative_pnl': 10.0, 'peak_pnl': 90.0, 'current_drawdown': 80.0}, {'trade_id': 3, 'lot1_pnl': 36.0, 'lot2_pnl': 36.0, 'lot3_pnl': 36.0, 'trade_total_pnl': 108.0, 'cumulative_pnl': 118.0, 'peak_pnl': 118.0, 'current_drawdown': 0.0}, {'trade_id': 4, 'lot1_pnl': -22.0, 'lot2_pnl': -22.0, 'lot3_pnl': -66.0, 'trade_total_pnl': -110.0, 'cumulative_pnl': 8.0, 'peak_pnl': 118.0, 'current_drawdown': 110.0}, {'trade_id': 5, 'lot1_pnl': 27.0, 'lot2_pnl': 27.0, 'lot3_pnl': 27.0, 'trade_total_pnl': 81.0, 'cumulative_pnl': 89.0, 'peak_pnl': 118.0, 'current_drawdown': 29.0}, {'trade_id': 6, 'lot1_pnl': -14.0, 'lot2_pnl': -14.0, 'lot3_pnl': -42.0, 'trade_total_pnl': -70.0, 'cumulative_pnl': 19.0, 'peak_pnl': 118.0, 'current_drawdown': 99.0}, {'trade_id': 7, 'lot1_pnl': 54.0, 'lot2_pnl': 54.0, 'lot3_pnl': 54.0, 'trade_total_pnl': 162.0, 'cumulative_pnl': 181.0, 'peak_pnl': 181.0, 'current_drawdown': 0.0}, {'trade_id': 8, 'lot1_pnl': 30.0, 'lot2_pnl': 30.0, 'lot3_pnl': 30.0, 'trade_total_pnl': 90.0, 'cumulative_pnl': 271.0, 'peak_pnl': 271.0, 'current_drawdown': 0.0}, {'trade_id': 9, 'lot1_pnl': -16.0, 'lot2_pnl': -16.0, 'lot3_pnl': -48.0, 'trade_total_pnl': -80.0, 'cumulative_pnl': 191.0, 'peak_pnl': 271.0, 'current_drawdown': 80.0}, {'trade_id': 10, 'lot1_pnl': 36.0, 'lot2_pnl': 36.0, 'lot3_pnl': 36.0, 'trade_total_pnl': 108.0, 'cumulative_pnl': 299.0, 'peak_pnl': 299.0, 'current_drawdown': 0.0}, {'trade_id': 11, 'lot1_pnl': -22.0, 'lot2_pnl': -22.0, 'lot3_pnl': -66.0, 'trade_total_pnl': -110.0, 'cumulative_pnl': 189.0, 'peak_pnl': 299.0, 'current_drawdown': 110.0}, {'trade_id': 12, 'lot1_pnl': 27.0, 'lot2_pnl': 27.0, 'lot3_pnl': 27.0, 'trade_total_pnl': 81.0, 'cumulative_pnl': 270.0, 'peak_pnl': 299.0, 'current_drawdown': 29.0}, {'trade_id': 13, 'lot1_pnl': -14.0, 'lot2_pnl': -14.0, 'lot3_pnl': -42.0, 'trade_total_pnl': -70.0, 'cumulative_pnl': 200.0, 'peak_pnl': 299.0, 'current_drawdown': 99.0}, {'trade_id': 14, 'lot1_pnl': 54.0, 'lot2_pnl': 54.0, 'lot3_pnl': 54.0, 'trade_total_pnl': 162.0, 'cumulative_pnl': 362.0, 'peak_pnl': 362.0, 'current_drawdown': 0.0}, {'trade_id': 15, 'lot1_pnl': 30.0, 'lot2_pnl': 30.0, 'lot3_pnl': 30.0, 'trade_total_pnl': 90.0, 'cumulative_pnl': 452.0, 'peak_pnl': 452.0, 'current_drawdown': 0.0}, {'trade_id': 16, 'lot1_pnl': -16.0, 'lot2_pnl': -16.0, 'lot3_pnl': -48.0, 'trade_total_pnl': -80.0, 'cumulative_pnl': 372.0, 'peak_pnl': 452.0, 'current_drawdown': 80.0}, {'trade_id': 17, 'lot1_pnl': 36.0, 'lot2_pnl': 36.0, 'lot3_pnl': 36.0, 'trade_total_pnl': 108.0, 'cumulative_pnl': 480.0, 'peak_pnl': 480.0, 'current_drawdown': 0.0}, {'trade_id': 18, 'lot1_pnl': -22.0, 'lot2_pnl': -22.0, 'lot3_pnl': -66.0, 'trade_total_pnl': -110.0, 'cumulative_pnl': 370.0, 'peak_pnl': 480.0, 'current_drawdown': 110.0}, {'trade_id': 19, 'lot1_pnl': 27.0, 'lot2_pnl': 27.0, 'lot3_pnl': 27.0, 'trade_total_pnl': 81.0, 'cumulative_pnl': 451.0, 'peak_pnl': 480.0, 'current_drawdown': 29.0}, {'trade_id': 20, 'lot1_pnl': -14.0, 'lot2_pnl': -14.0, 'lot3_pnl': -42.0, 'trade_total_pnl': -70.0, 'cumulative_pnl': 381.0, 'peak_pnl': 480.0, 'current_drawdown': 99.0}, {'trade_id': 21, 'lot1_pnl': 54.0, 'lot2_pnl': 54.0, 'lot3_pnl': 54.0, 'trade_total_pnl': 162.0, 'cumulative_pnl': 543.0, 'peak_pnl': 543.0, 'current_drawdown': 0.0}]",12:3012:31_L1SL20_L2SL20_L3SL60_TP30,12:30-12:31,20,20,60,30
5716.8,-60.0,4764.0,15,12,80.0,1947.6,1884.6,1884.6,trending_market,"[{'trade_id': 1, 'lot1_pnl': 140.0, 'lot2_pnl': 140.0, 'lot3_pnl': 140.0, 'trade_total_pnl': 420.0, 'cumulative_pnl': 420.0, 'peak_pnl': 420.0, 'current_drawdown': 0.0}, {'trade_id': 2, 'lot1_pnl': 105.0, 'lot2_pnl': 105.0, 'lot3_pnl': 105.0, 'trade_total_pnl': 315.0, 'cumulative_pnl': 735.0, 'peak_pnl': 735.0, 'current_drawdown': 0.0}, {'trade_id': 3, 'lot1_pnl': -5.0, 'lot2_pnl': -22.5, 'lot3_pnl': -22.5, 'trade_total_pnl': -50.0, 'cumulative_pnl': 685.0, 'peak_pnl': 735.0, 'current_drawdown': 50.0}, {'trade_id': 4, 'lot1_pnl': 175.0, 'lot2_pnl': 175.0, 'lot3_pnl': 175.0, 'trade_total_pnl': 525.0, 'cumulative_pnl': 1210.0, 'peak_pnl': 1210.0, 'current_drawdown': 0.0}, {'trade_id': 5, 'lot1_pnl': 126.0, 'lot2_pnl': 126.0, 'lot3_pnl': 126.0, 'trade_total_pnl': 378.0, 'cumulative_pnl': 1588.0, 'peak_pnl': 1588.0, 'current_drawdown': 0.0}, {'trade_id': 6, 'lot1_pnl': 140.0, 'lot2_pnl': 140.0, 'lot3_pnl': 140.0, 'trade_total_pnl': 420.0, 'cumulative_pnl': 2008.0, 'peak_pnl': 2008.0, 'current_drawdown': 0.0}, {'trade_id': 7, 'lot1_pnl': 105.0, 'lot2_pnl': 105.0, 'lot3_pnl': 105.0, 'trade_total_pnl': 315.0, 'cumulative_pnl': 2323.0, 'peak_pnl': 2323.0, 'current_drawdown': 0.0}, {'trade_id': 8, 'lot1_pnl': -5.0, 'lot2_pnl': -22.5, 'lot3_pnl': -22.5, 'trade_total_pnl': -50.0, 'cumulative_pnl': 2273.0, 'peak_pnl': 2323.0, 'current_drawdown': 50.0}, {'trade_id': 9, 'lot1_pnl': 175.0, 'lot2_pnl': 175.0, 'lot3_pnl': 175.0, 'trade_total_pnl': 525.0, 'cumulative_pnl': 2798.0, 'peak_pnl': 2798.0, 'current_drawdown': 0.0}, {'trade_id': 10, 'lot1_pnl': 126.0, 'lot2_pnl': 126.0, 'lot3_pnl': 126.0, 'trade_total_pnl': 378.0, 'cumulative_pnl': 3176.0, 'peak_pnl': 3176.0, 'current_drawdown': 0.0}, {'trade_id': 11, 'lot1_pnl': 140.0, 'lot2_pnl': 140.0, 'lot3_pnl': 140.0, 'trade_total_pnl': 420.0, 'cumulative_pnl': 3596.0, 'peak_pnl': 3596.0, 'current_drawdown': 0.0}, {'trade_id': 12, 'lot1_pnl': 105.0, 'lot2_pnl': 105.0, 'lot3_pnl': 105.0, 'trade_total_pnl': 315.0, 'cumulative_pnl': 3911.0, 'peak_pnl': 3911.0, 'current_drawdown': 0.0}, {'trade_id': 13, 'lot1_pnl': -5.0, 'lot2_pnl': -22.5, 'lot3_pnl': -22.5, 'trade_total_pnl': -50.0, 'cumulative_pnl': 3861.0, 'peak_pnl': 3911.0, 'current_drawdown': 50.0}, {'trade_id': 14, 'lot1_pnl': 175.0, 'lot2_pnl': 175.0, 'lot3_pnl': 175.0, 'trade_total_pnl': 525.0, 'cumulative_pnl': 4386.0, 'peak_pnl': 4386.0, 'current_drawdown': 0.0}, {'trade_id': 15, 'lot1_pnl': 126.0, 'lot2_pnl': 126.0, 'lot3_pnl': 126.0, 'trade_total_pnl': 378.0, 'cumulative_pnl': 4764.0, 'peak_pnl': 4764.0, 'current_drawdown': 0.0}]",10:3010:31_L1SL10_L2SL45_L3SL45_TP70,10:30-10:31,10,45,45,70
-1890.0,-1890.0,0.0,15,0,0.0,-180.0,-720.0,-990.0,worst_case,"[{'trade_id': 1, 'lot1_pnl': -10.0, 'lot2_pnl': -40.0, 'lot3_pnl': -55.0, 'trade_total_pnl': -105.0, 'cumulative_pnl': -105.0, 'peak_pnl': 0, 'current_drawdown': 105.0}, {'trade_id': 2, 'lot1_pnl': -10.0, 'lot2_pnl': -40.0, 'lot3_pnl': -55.0, 'trade_total_pnl': -105.0, 'cumulative_pnl': -210.0, 'peak_pnl': 0, 'current_drawdown': 210.0}, {'trade_id': 3, 'lot1_pnl': -10.0, 'lot2_pnl': -40.0, 'lot3_pnl': -55.0, 'trade_total_pnl': -105.0, 'cumulative_pnl': -315.0, 'peak_pnl': 0, 'current_drawdown': 315.0}, {'trade_id': 4, 'lot1_pnl': -10.0, 'lot2_pnl': -40.0, 'lot3_pnl': -55.0, 'trade_total_pnl': -105.0, 'cumulative_pnl': -420.0, 'peak_pnl': 0, 'current_drawdown': 420.0}, {'trade_id': 5, 'lot1_pnl': -10.0, 'lot2_pnl': -40.0, 'lot3_pnl': -55.0, 'trade_total_pnl': -105.0, 'cumulative_pnl': -525.0, 'peak_pnl': 0, 'current_drawdown': 525.0}, {'trade_id': 6, 'lot1_pnl': -10.0, 'lot2_pnl': -40.0, 'lot3_pnl': -55.0, 'trade_total_pnl': -105.0, 'cumulative_pnl': -630.0, 'peak_pnl': 0, 'current_drawdown': 630.0}, {'trade_id': 7, 'lot1_pnl': -10.0, 'lot2_pnl': -40.0, 'lot3_pnl': -55.0, 'trade_total_pnl': -105.0, 'cumulative_pnl': -735.0, 'peak_pnl': 0, 'current_drawdown': 735.0}, {'trade_id': 8, 'lot1_pnl': -10.0, 'lot2_pnl': -40.0, 'lot3_pnl': -55.0, 'trade_total_pnl': -105.0, 'cumulative_pnl': -840.0, 'peak_pnl': 0, 'current_drawdown': 840.0}, {'trade_id': 9, 'lot1_pnl': -10.0, 'lot2_pnl': -40.0, 'lot3_pnl': -55.0, 'trade_total_pnl': -105.0, 'cumulative_pnl': -945.0, 'peak_pnl': 0, 'current_drawdown': 945.0}, {'trade_id': 10, 'lot1_pnl': -10.0, 'lot2_pnl': -40.0, 'lot3_pnl': -55.0, 'trade_total_pnl': -105.0, 'cumulative_pnl': -1050.0, 'peak_pnl': 0, 'current_drawdown': 1050.0}, {'trade_id': 11, 'lot1_pnl': -10.0, 'lot2_pnl': -40.0, 'lot3_pnl': -55.0, 'trade_total_pnl': -105.0, 'cumulative_pnl': -1155.0, 'peak_pnl': 0, 'current_drawdown': 1155.0}, {'trade_id': 12, 'lot1_pnl': -10.0, 'lot2_pnl': -40.0, 'lot3_pnl': -55.0, 'trade_total_pnl': -105.0, 'cumulative_pnl': -1260.0, 'peak_pnl': 0, 'current_drawdown': 1260.0}, {'trade_id': 13, 'lot1_pnl': -10.0, 'lot2_pnl': -40.0, 'lot3_pnl': -55.0, 'trade_total_pnl': -105.0, 'cumulative_pnl': -1365.0, 'peak_pnl': 0, 'current_drawdown': 1365.0}, {'trade_id': 14, 'lot1_pnl': -10.0, 'lot2_pnl': -40.0, 'lot3_pnl': -55.0, 'trade_total_pnl': -105.0, 'cumulative_pnl': -1470.0, 'peak_pnl': 0, 'current_drawdown': 1470.0}, {'trade_id': 15, 'lot1_pnl': -10.0, 'lot2_pnl': -40.0, 'lot3_pnl': -55.0, 'trade_total_pnl': -105.0, 'cumulative_pnl': -1575.0, 'peak_pnl': 0, 'current_drawdown': 1575.0}]",10:3010:31_L1SL10_L2SL40_L3SL55_TP70,10:30-10:31,10,40,55,70
4914.0,-342.0,4095.0,15,9,60.0,1764.0,1656.0,1494.0,big_loss_recovery,"[{'trade_id': 1, 'lot1_pnl': 150.0, 'lot2_pnl': 150.0, 'lot3_pnl': 150.0, 'trade_total_pnl': 450.0, 'cumulative_pnl': 450.0, 'peak_pnl': 450.0, 'current_drawdown': 0.0}, {'trade_id': 2, 'lot1_pnl': -40.0, 'lot2_pnl': -60.0, 'lot3_pnl': -90.0, 'trade_total_pnl': -190.0, 'cumulative_pnl': 260.0, 'peak_pnl': 450.0, 'current_drawdown': 190.0}, {'trade_id': 3, 'lot1_pnl': -20.0, 'lot2_pnl': -30.0, 'lot3_pnl': -45.0, 'trade_total_pnl': -95.0, 'cumulative_pnl': 165.0, 'peak_pnl': 450.0, 'current_drawdown': 285.0}, {'trade_id': 4, 'lot1_pnl': 300.0, 'lot2_pnl': 300.0, 'lot3_pnl': 300.0, 'trade_total_pnl': 900.0, 'cumulative_pnl': 1065.0, 'peak_pnl': 1065.0, 'current_drawdown': 0.0}, {'trade_id': 5, 'lot1_pnl': 100.0, 'lot2_pnl': 100.0, 'lot3_pnl': 100.0, 'trade_total_pnl': 300.0, 'cumulative_pnl': 1365.0, 'peak_pnl': 1365.0, 'current_drawdown': 0.0}, {'trade_id': 6, 'lot1_pnl': 150.0, 'lot2_pnl': 150.0, 'lot3_pnl': 150.0, 'trade_total_pnl': 450.0, 'cumulative_pnl': 1815.0, 'peak_pnl': 1815.0, 'current_drawdown': 0.0}, {'trade_id': 7, 'lot1_pnl': -40.0, 'lot2_pnl': -60.0, 'lot3_pnl': -90.0, 'trade_total_pnl': -190.0, 'cumulative_pnl': 1625.0, 'peak_pnl': 1815.0, 'current_drawdown': 190.0}, {'trade_id': 8, 'lot1_pnl': -20.0, 'lot2_pnl': -30.0, 'lot3_pnl': -45.0, 'trade_total_pnl': -95.0, 'cumulative_pnl': 1530.0, 'peak_pnl': 1815.0, 'current_drawdown': 285.0}, {'trade_id': 9, 'lot1_pnl': 300.0, 'lot2_pnl': 300.0, 'lot3_pnl': 300.0, 'trade_total_pnl': 900.0, 'cumulative_pnl': 2430.0, 'peak_pnl': 2430.0, 'current_drawdown': 0.0}, {'trade_id': 10, 'lot1_pnl': 100.0, 'lot2_pnl': 100.0, 'lot3_pnl': 100.0, 'trade_total_pnl': 300.0, 'cumulative_pnl': 2730.0, 'peak_pnl': 2730.0, 'current_drawdown': 0.0}, {'trade_id': 11, 'lot1_pnl': 150.0, 'lot2_pnl': 150.0, 'lot3_pnl': 150.0, 'trade_total_pnl': 450.0, 'cumulative_pnl': 3180.0, 'peak_pnl': 3180.0, 'current_drawdown': 0.0}, {'trade_id': 12, 'lot1_pnl': -40.0, 'lot2_pnl': -60.0, 'lot3_pnl': -90.0, 'trade_total_pnl': -190.0, 'cumulative_pnl': 2990.0, 'peak_pnl': 3180.0, 'current_drawdown': 190.0}, {'trade_id': 13, 'lot1_pnl': -20.0, 'lot2_pnl': -30.0, 'lot3_pnl': -45.0, 'trade_total_pnl': -95.0, 'cumulative_pnl': 2895.0, 'peak_pnl': 3180.0, 'current_drawdown': 285.0}, {'trade_id': 14, 'lot1_pnl': 300.0, 'lot2_pnl': 300.0, 'lot3_pnl': 300.0, 'trade_total_pnl': 900.0, 'cumulative_pnl': 3795.0, 'peak_pnl': 3795.0, 'current_drawdown': 0.0}, {'trade_id': 15, 'lot1_pnl': 100.0, 'lot2_pnl': 100.0, 'lot3_pnl': 100.0, 'trade_total_pnl': 300.0, 'cumulative_pnl': 4095.0, 'peak_pnl': 4095.0, 'current_drawdown': 0.0}]",10:3010:31_L1SL20_L2SL30_L3SL45_TP100,10:30-10:31,20,30,45,100
3372.3,-84.15,3747.0,21,12,57.14285714285714,1217.7,1147.5,1007.1,volatile_market,"[{'trade_id': 1, 'lot1_pnl': 100.0, 'lot2_pnl': 100.0, 'lot3_pnl': 100.0, 'trade_total_pnl': 300.0, 'cumulative_pnl': 300.0, 'peak_pnl': 300.0, 'current_drawdown': 0.0}, {'trade_id': 2, 'lot1_pnl': -12.0, 'lot2_pnl': -20.0, 'lot3_pnl': -36.0, 'trade_total_pnl': -68.0, 'cumulative_pnl': 232.0, 'peak_pnl': 300.0, 'current_drawdown': 68.0}, {'trade_id': 3, 'lot1_pnl': 120.0, 'lot2_pnl': 120.0, 'lot3_pnl': 120.0, 'trade_total_pnl': 360.0, 'cumulative_pnl': 592.0, 'peak_pnl': 592.0, 'current_drawdown': 0.0}, {'trade_id': 4, 'lot1_pnl': -16.5, 'lot2_pnl': -27.500000000000004, 'lot3_pnl': -49.50000000000001, 'trade_total_pnl': -93.5, 'cumulative_pnl': 498.5, 'peak_pnl': 592.0, 'current_drawdown': 93.5}, {'trade_id': 5, 'lot1_pnl': 90.0, 'lot2_pnl': 90.0, 'lot3_pnl': 90.0, 'trade_total_pnl': 270.0, 'cumulative_pnl': 768.5, 'peak_pnl': 768.5, 'current_drawdown': 0.0}, {'trade_id': 6, 'lot1_pnl': -10.5, 'lot2_pnl': -17.5, 'lot3_pnl': -31.499999999999996, 'trade_total_pnl': -59.5, 'cumulative_pnl': 709.0, 'peak_pnl': 768.5, 'current_drawdown': 59.5}, {'trade_id': 7, 'lot1_pnl': 180.0, 'lot2_pnl': 180.0, 'lot3_pnl': 180.0, 'trade_total_pnl': 540.0, 'cumulative_pnl': 1249.0, 'peak_pnl': 1249.0, 'current_drawdown': 0.0}, {'trade_id': 8, 'lot1_pnl': 100.0, 'lot2_pnl': 100.0, 'lot3_pnl': 100.0, 'trade_total_pnl': 300.0, 'cumulative_pnl': 1549.0, 'peak_pnl': 1549.0, 'current_drawdown': 0.0}, {'trade_id': 9, 'lot1_pnl': -12.0, 'lot2_pnl': -20.0, 'lot3_pnl': -36.0, 'trade_total_pnl': -68.0, 'cumulative_pnl': 1481.0, 'peak_pnl': 1549.0, 'current_drawdown': 68.0}, {'trade_id': 10, 'lot1_pnl': 120.0, 'lot2_pnl': 120.0, 'lot3_pnl': 120.0, 'trade_total_pnl': 360.0, 'cumulative_pnl': 1841.0, 'peak_pnl': 1841.0, 'current_drawdown': 0.0}, {'trade_id': 11, 'lot1_pnl': -16.5, 'lot2_pnl': -27.500000000000004, 'lot3_pnl': -49.50000000000001, 'trade_total_pnl': -93.5, 'cumulative_pnl': 1747.5, 'peak_pnl': 1841.0, 'current_drawdown': 93.5}, {'trade_id': 12, 'lot1_pnl': 90.0, 'lot2_pnl': 90.0, 'lot3_pnl': 90.0, 'trade_total_pnl': 270.0, 'cumulative_pnl': 2017.5, 'peak_pnl': 2017.5, 'current_drawdown': 0.0}, {'trade_id': 13, 'lot1_pnl': -10.5, 'lot2_pnl': -17.5, 'lot3_pnl': -31.499999999999996, 'trade_total_pnl': -59.5, 'cumulative_pnl': 1958.0, 'peak_pnl': 2017.5, 'current_drawdown': 59.5}, {'trade_id': 14, 'lot1_pnl': 180.0, 'lot2_pnl': 180.0, 'lot3_pnl': 180.0, 'trade_total_pnl': 540.0, 'cumulative_pnl': 2498.0, 'peak_pnl': 2498.0, 'current_drawdown': 0.0}, {'trade_id': 15, 'lot1_pnl': 100.0, 'lot2_pnl': 100.0, 'lot3_pnl': 100.0, 'trade_total_pnl': 300.0, 'cumulative_pnl': 2798.0, 'peak_pnl': 2798.0, 'current_drawdown': 0.0}, {'trade_id': 16, 'lot1_pnl': -12.0, 'lot2_pnl': -20.0, 'lot3_pnl': -36.0, 'trade_total_pnl': -68.0, 'cumulative_pnl': 2730.0, 'peak_pnl': 2798.0, 'current_drawdown': 68.0}, {'trade_id': 17, 'lot1_pnl': 120.0, 'lot2_pnl': 120.0, 'lot3_pnl': 120.0, 'trade_total_pnl': 360.0, 'cumulative_pnl': 3090.0, 'peak_pnl': 3090.0, 'current_drawdown': 0.0}, {'trade_id': 18, 'lot1_pnl': -16.5, 'lot2_pnl': -27.500000000000004, 'lot3_pnl': -49.50000000000001, 'trade_total_pnl': -93.5, 'cumulative_pnl': 2996.5, 'peak_pnl': 3090.0, 'current_drawdown': 93.5}, {'trade_id': 19, 'lot1_pnl': 90.0, 'lot2_pnl': 90.0, 'lot3_pnl': 90.0, 'trade_total_pnl': 270.0, 'cumulative_pnl': 3266.5, 'peak_pnl': 3266.5, 'current_drawdown': 0.0}, {'trade_id': 20, 'lot1_pnl': -10.5, 'lot2_pnl': -17.5, 'lot3_pnl': -31.499999999999996, 'trade_total_pnl': -59.5, 'cumulative_pnl': 3207.0, 'peak_pnl': 3266.5, 'current_drawdown': 59.5}, {'trade_id': 21, 'lot1_pnl': 180.0, 'lot2_pnl': 180.0, 'lot3_pnl': 180.0, 'trade_total_pnl': 540.0, 'cumulative_pnl': 3747.0, 'peak_pnl': 3747.0, 'current_drawdown': 0.0}]",11:3011:31_L1SL15_L2SL25_L3SL45_TP100,11:30-11:31,15,25,45,100
162.0,-283.5,180.0,18,6,33.33333333333333,270.0,54.0,-162.0,consecutive_losses,"[{'trade_id': 1, 'lot1_pnl': -15.0, 'lot2_pnl': -35.0, 'lot3_pnl': -55.0, 'trade_total_pnl': -105.0, 'cumulative_pnl': -105.0, 'peak_pnl': 0, 'current_drawdown': 105.0}, {'trade_id': 2, 'lot1_pnl': -15.0, 'lot2_pnl': -35.0, 'lot3_pnl': -55.0, 'trade_total_pnl': -105.0, 'cumulative_pnl': -210.0, 'peak_pnl': 0, 'current_drawdown': 210.0}, {'trade_id': 3, 'lot1_pnl': -15.0, 'lot2_pnl': -35.0, 'lot3_pnl': -55.0, 'trade_total_pnl': -105.0, 'cumulative_pnl': -315.0, 'peak_pnl': 0, 'current_drawdown': 315.0}, {'trade_id': 4, 'lot1_pnl': 80.0, 'lot2_pnl': 80.0, 'lot3_pnl': 80.0, 'trade_total_pnl': 240.0, 'cumulative_pnl': -75.0, 'peak_pnl': 0, 'current_drawdown': 75.0}, {'trade_id': 5, 'lot1_pnl': -15.0, 'lot2_pnl': -35.0, 'lot3_pnl': -55.0, 'trade_total_pnl': -105.0, 'cumulative_pnl': -180.0, 'peak_pnl': 0, 'current_drawdown': 180.0}, {'trade_id': 6, 'lot1_pnl': 80.0, 'lot2_pnl': 80.0, 'lot3_pnl': 80.0, 'trade_total_pnl': 240.0, 'cumulative_pnl': 60.0, 'peak_pnl': 60.0, 'current_drawdown': 0.0}, {'trade_id': 7, 'lot1_pnl': -15.0, 'lot2_pnl': -35.0, 'lot3_pnl': -55.0, 'trade_total_pnl': -105.0, 'cumulative_pnl': -45.0, 'peak_pnl': 60.0, 'current_drawdown': 105.0}, {'trade_id': 8, 'lot1_pnl': -15.0, 'lot2_pnl': -35.0, 'lot3_pnl': -55.0, 'trade_total_pnl': -105.0, 'cumulative_pnl': -150.0, 'peak_pnl': 60.0, 'current_drawdown': 210.0}, {'trade_id': 9, 'lot1_pnl': -15.0, 'lot2_pnl': -35.0, 'lot3_pnl': -55.0, 'trade_total_pnl': -105.0, 'cumulative_pnl': -255.0, 'peak_pnl': 60.0, 'current_drawdown': 315.0}, {'trade_id': 10, 'lot1_pnl': 80.0, 'lot2_pnl': 80.0, 'lot3_pnl': 80.0, 'trade_total_pnl': 240.0, 'cumulative_pnl': -15.0, 'peak_pnl': 60.0, 'current_drawdown': 75.0}, {'trade_id': 11, 'lot1_pnl': -15.0, 'lot2_pnl': -35.0, 'lot3_pnl': -55.0, 'trade_total_pnl': -105.0, 'cumulative_pnl': -120.0, 'peak_pnl': 60.0, 'current_drawdown': 180.0}, {'trade_id': 12, 'lot1_pnl': 80.0, 'lot2_pnl': 80.0, 'lot3_pnl': 80.0, 'trade_total_pnl': 240.0, 'cumulative_pnl': 120.0, 'peak_pnl': 120.0, 'current_drawdown': 0.0}, {'trade_id': 13, 'lot1_pnl': -15.0, 'lot2_pnl': -35.0, 'lot3_pnl': -55.0, 'trade_total_pnl': -105.0, 'cumulative_pnl': 15.0, 'peak_pnl': 120.0, 'current_drawdown': 105.0}, {'trade_id': 14, 'lot1_pnl': -15.0, 'lot2_pnl': -35.0, 'lot3_pnl': -55.0, 'trade_total_pnl': -105.0, 'cumulative_pnl': -90.0, 'peak_pnl': 120.0, 'current_drawdown': 210.0}, {'trade_id': 15, 'lot1_pnl': -15.0, 'lot2_pnl': -35.0, 'lot3_pnl': -55.0, 'trade_total_pnl': -105.0, 'cumulative_pnl': -195.0, 'peak_pnl': 120.0, 'current_drawdown': 315.0}, {'trade_id': 16, 'lot1_pnl': 80.0, 'lot2_pnl': 80.0, 'lot3_pnl': 80.0, 'trade_total_pnl': 240.0, 'cumulative_pnl': 45.0, 'peak_pnl': 120.0, 'current_drawdown': 75.0}, {'trade_id': 17, 'lot1_pnl': -15.0, 'lot2_pnl': -35.0, 'lot3_pnl': -55.0, 'trade_total_pnl': -105.0, 'cumulative_pnl': -60.0, 'peak_pnl': 120.0, 'current_drawdown': 180.0}, {'trade_id': 18, 'lot1_pnl': 80.0, 'lot2_pnl': 80.0, 'lot3_pnl': 80.0, 'trade_total_pnl': 240.0, 'cumulative_pnl': 180.0, 'peak_pnl': 180.0, 'current_drawdown': 0.0}]",11:3011:31_L1SL15_L2SL35_L3SL55_TP40,11:30-11:31,15,35,55,40
1305.6000000000001,-114.4,1632.0,21,12,57.14285714285714,518.4,424.8,362.40000000000003,volatile_market,"[{'trade_id': 1, 'lot1_pnl': 60.0, 'lot2_pnl': 60.0, 'lot3_pnl': 60.0, 'trade_total_pnl': 180.0, 'cumulative_pnl': 180.0, 'peak_pnl': 180.0, 'current_drawdown': 0.0}, {'trade_id': 2, 'lot1_pnl': -24.0, 'lot2_pnl': -36.0, 'lot3_pnl': -44.0, 'trade_total_pnl': -104.0, 'cumulative_pnl': 76.0, 'peak_pnl': 180.0, 'current_drawdown': 104.0}, {'trade_id': 3, 'lot1_pnl': 72.0, 'lot2_pnl': 72.0, 'lot3_pnl': 72.0, 'trade_total_pnl': 216.0, 'cumulative_pnl': 292.0, 'peak_pnl': 292.0, 'current_drawdown': 0.0}, {'trade_id': 4, 'lot1_pnl': -33.0, 'lot2_pnl': -49.50000000000001, 'lot3_pnl': -60.50000000000001, 'trade_total_pnl': -143.0, 'cumulative_pnl': 149.0, 'peak_pnl': 292.0, 'current_drawdown': 143.0}, {'trade_id': 5, 'lot1_pnl': 54.0, 'lot2_pnl': 54.0, 'lot3_pnl': 54.0, 'trade_total_pnl': 162.0, 'cumulative_pnl': 311.0, 'peak_pnl': 311.0, 'current_drawdown': 0.0}, {'trade_id': 6, 'lot1_pnl': -21.0, 'lot2_pnl': -31.499999999999996, 'lot3_pnl': -38.5, 'trade_total_pnl': -91.0, 'cumulative_pnl': 220.0, 'peak_pnl': 311.0, 'current_drawdown': 91.0}, {'trade_id': 7, 'lot1_pnl': 108.0, 'lot2_pnl': 108.0, 'lot3_pnl': 108.0, 'trade_total_pnl': 324.0, 'cumulative_pnl': 544.0, 'peak_pnl': 544.0, 'current_drawdown': 0.0}, {'trade_id': 8, 'lot1_pnl': 60.0, 'lot2_pnl': 60.0, 'lot3_pnl': 60.0, 'trade_total_pnl': 180.0, 'cumulative_pnl': 724.0, 'peak_pnl': 724.0, 'current_drawdown': 0.0}, {'trade_id': 9, 'lot1_pnl': -24.0, 'lot2_pnl': -36.0, 'lot3_pnl': -44.0, 'trade_total_pnl': -104.0, 'cumulative_pnl': 620.0, 'peak_pnl': 724.0, 'current_drawdown': 104.0}, {'trade_id': 10, 'lot1_pnl': 72.0, 'lot2_pnl': 72.0, 'lot3_pnl': 72.0, 'trade_total_pnl': 216.0, 'cumulative_pnl': 836.0, 'peak_pnl': 836.0, 'current_drawdown': 0.0}, {'trade_id': 11, 'lot1_pnl': -33.0, 'lot2_pnl': -49.50000000000001, 'lot3_pnl': -60.50000000000001, 'trade_total_pnl': -143.0, 'cumulative_pnl': 693.0, 'peak_pnl': 836.0, 'current_drawdown': 143.0}, {'trade_id': 12, 'lot1_pnl': 54.0, 'lot2_pnl': 54.0, 'lot3_pnl': 54.0, 'trade_total_pnl': 162.0, 'cumulative_pnl': 855.0, 'peak_pnl': 855.0, 'current_drawdown': 0.0}, {'trade_id': 13, 'lot1_pnl': -21.0, 'lot2_pnl': -31.499999999999996, 'lot3_pnl': -38.5, 'trade_total_pnl': -91.0, 'cumulative_pnl': 764.0, 'peak_pnl': 855.0, 'current_drawdown': 91.0}, {'trade_id': 14, 'lot1_pnl': 108.0, 'lot2_pnl': 108.0, 'lot3_pnl': 108.0, 'trade_total_pnl': 324.0, 'cumulative_pnl': 1088.0, 'peak_pnl': 1088.0, 'current_drawdown': 0.0}, {'trade_id': 15, 'lot1_pnl': 60.0, 'lot2_pnl': 60.0, 'lot3_pnl': 60.0, 'trade_total_pnl': 180.0, 'cumulative_pnl': 1268.0, 'peak_pnl': 1268.0, 'current_drawdown': 0.0}, {'trade_id': 16, 'lot1_pnl': -24.0, 'lot2_pnl': -36.0, 'lot3_pnl': -44.0, 'trade_total_pnl': -104.0, 'cumulative_pnl': 1164.0, 'peak_pnl': 1268.0, 'current_drawdown': 104.0}, {'trade_id': 17, 'lot1_pnl': 72.0, 'lot2_pnl': 72.0, 'lot3_pnl': 72.0, 'trade_total_pnl': 216.0, 'cumulative_pnl': 1380.0, 'peak_pnl': 1380.0, 'current_drawdown': 0.0}, {'trade_id': 18, 'lot1_pnl': -33.0, 'lot2_pnl': -49.50000000000001, 'lot3_pnl': -60.50000000000001, 'trade_total_pnl': -143.0, 'cumulative_pnl': 1237.0, 'peak_pnl': 1380.0, 'current_drawdown': 143.0}, {'trade_id': 19, 'lot1_pnl': 54.0, 'lot2_pnl': 54.0, 'lot3_pnl': 54.0, 'trade_total_pnl': 162.0, 'cumulative_pnl': 1399.0, 'peak_pnl': 1399.0, 'current_drawdown': 0.0}, {'trade_id': 20, 'lot1_pnl': -21.0, 'lot2_pnl': -31.499999999999996, 'lot3_pnl': -38.5, 'trade_total_pnl': -91.0, 'cumulative_pnl': 1308.0, 'peak_pnl': 1399.0, 'current_drawdown': 91.0}, {'trade_id': 21, 'lot1_pnl': 108.0, 'lot2_pnl': 108.0, 'lot3_pnl': 108.0, 'trade_total_pnl': 324.0, 'cumulative_pnl': 1632.0, 'peak_pnl': 1632.0, 'current_drawdown': 0.0}]",12:3012:31_L1SL30_L2SL45_L3SL55_TP60,12:30-12:31,30,45,55,60
1404.0,-324.0,1170.0,15,9,60.0,684.0,360.0,360.0,big_loss_recovery,"[{'trade_id': 1, 'lot1_pnl': 60.0, 'lot2_pnl': 60.0, 'lot3_pnl': 60.0, 'trade_total_pnl': 180.0, 'cumulative_pnl': 180.0, 'peak_pnl': 180.0, 'current_drawdown': 0.0}, {'trade_id': 2, 'lot1_pnl': -20.0, 'lot2_pnl': -80.0, 'lot3_pnl': -80.0, 'trade_total_pnl': -180.0, 'cumulative_pnl': 0.0, 'peak_pnl': 180.0, 'current_drawdown': 180.0}, {'trade_id': 3, 'lot1_pnl': -10.0, 'lot2_pnl': -40.0, 'lot3_pnl': -40.0, 'trade_total_pnl': -90.0, 'cumulative_pnl': -90.0, 'peak_pnl': 180.0, 'current_drawdown': 270.0}, {'trade_id': 4, 'lot1_pnl': 120.0, 'lot2_pnl': 120.0, 'lot3_pnl': 120.0, 'trade_total_pnl': 360.0, 'cumulative_pnl': 270.0, 'peak_pnl': 270.0, 'current_drawdown': 0.0}, {'trade_id': 5, 'lot1_pnl': 40.0, 'lot2_pnl': 40.0, 'lot3_pnl': 40.0, 'trade_total_pnl': 120.0, 'cumulative_pnl': 390.0, 'peak_pnl': 390.0, 'current_drawdown': 0.0}, {'trade_id': 6, 'lot1_pnl': 60.0, 'lot2_pnl': 60.0, 'lot3_pnl': 60.0, 'trade_total_pnl': 180.0, 'cumulative_pnl': 570.0, 'peak_pnl': 570.0, 'current_drawdown': 0.0}, {'trade_id': 7, 'lot1_pnl': -20.0, 'lot2_pnl': -80.0, 'lot3_pnl': -80.0, 'trade_total_pnl': -180.0, 'cumulative_pnl': 390.0, 'peak_pnl': 570.0, 'current_drawdown': 180.0}, {'trade_id': 8, 'lot1_pnl': -10.0, 'lot2_pnl': -40.0, 'lot3_pnl': -40.0, 'trade_total_pnl': -90.0, 'cumulative_pnl': 300.0, 'peak_pnl': 570.0, 'current_drawdown': 270.0}, {'trade_id': 9, 'lot1_pnl': 120.0, 'lot2_pnl': 120.0, 'lot3_pnl': 120.0, 'trade_total_pnl': 360.0, 'cumulative_pnl': 660.0, 'peak_pnl': 660.0, 'current_drawdown': 0.0}, {'trade_id': 10, 'lot1_pnl': 40.0, 'lot2_pnl': 40.0, 'lot3_pnl': 40.0, 'trade_total_pnl': 120.0, 'cumulative_pnl': 780.0, 'peak_pnl': 780.0, 'current_drawdown': 0.0}, {'trade_id': 11, 'lot1_pnl': 60.0, 'lot2_pnl': 60.0, 'lot3_pnl': 60.0, 'trade_total_pnl': 180.0, 'cumulative_pnl': 960.0, 'peak_pnl': 960.0, 'current_drawdown': 0.0}, {'trade_id': 12, 'lot1_pnl': -20.0, 'lot2_pnl': -80.0, 'lot3_pnl': -80.0, 'trade_total_pnl': -180.0, 'cumulative_pnl': 780.0, 'peak_pnl': 960.0, 'current_drawdown': 180.0}, {'trade_id': 13, 'lot1_pnl': -10.0, 'lot2_pnl': -40.0, 'lot3_pnl': -40.0, 'trade_total_pnl': -90.0, 'cumulative_pnl': 690.0, 'peak_pnl': 960.0, 'current_drawdown': 270.0}, {'trade_id': 14, 'lot1_pnl': 120.0, 'lot2_pnl': 120.0, 'lot3_pnl': 120.0, 'trade_total_pnl': 360.0, 'cumulative_pnl': 1050.0, 'peak_pnl': 1050.0, 'current_drawdown': 0.0}, {'trade_id': 15, 'lot1_pnl': 40.0, 'lot2_pnl': 40.0, 'lot3_pnl': 40.0, 'trade_total_pnl': 120.0, 'cumulative_pnl': 1170.0, 'peak_pnl': 1170.0, 'current_drawdown': 0.0}]",10:3010:31_L1SL10_L2SL40_L3SL40_TP40,10:30-10:31,10,40,40,40
2308.5,-270.0,2565.0,15,9,60.0,958.5,715.5,634.5,big_loss_recovery,"[{'trade_id': 1, 'lot1_pnl': 105.0, 'lot2_pnl': 105.0, 'lot3_pnl': 105.0, 'trade_total_pnl': 315.0, 'cumulative_pnl': 315.0, 'peak_pnl': 315.0, 'current_drawdown': 0.0}, {'trade_id': 2, 'lot1_pnl': -20.0, 'lot2_pnl': -80.0, 'lot3_pnl': -100.0, 'trade_total_pnl': -200.0, 'cumulative_pnl': 115.0, 'peak_pnl': 315.0, 'current_drawdown': 200.0}, {'trade_id': 3, 'lot1_pnl': -10.0, 'lot2_pnl': -40.0, 'lot3_pnl': -50.0, 'trade_total_pnl': -100.0, 'cumulative_pnl': 15.0, 'peak_pnl': 315.0, 'current_drawdown': 300.0}, {'trade_id': 4, 'lot1_pnl': 210.0, 'lot2_pnl': 210.0, 'lot3_pnl': 210.0, 'trade_total_pnl': 630.0, 'cumulative_pnl': 645.0, 'peak_pnl': 645.0, 'current_drawdown': 0.0}, {'trade_id': 5, 'lot1_pnl': 70.0, 'lot2_pnl': 70.0, 'lot3_pnl': 70.0, 'trade_total_pnl': 210.0, 'cumulative_pnl': 855.0, 'peak_pnl': 855.0, 'current_drawdown': 0.0}, {'trade_id': 6, 'lot1_pnl': 105.0, 'lot2_pnl': 105.0, 'lot3_pnl': 105.0, 'trade_total_pnl': 315.0, 'cumulative_pnl': 1170.0, 'peak_pnl': 1170.0, 'current_drawdown': 0.0}, {'trade_id': 7, 'lot1_pnl': -20.0, 'lot2_pnl': -80.0, 'lot3_pnl': -100.0, 'trade_total_pnl': -200.0, 'cumulative_pnl': 970.0, 'peak_pnl': 1170.0, 'current_drawdown': 200.0}, {'trade_id': 8, 'lot1_pnl': -10.0, 'lot2_pnl': -40.0, 'lot3_pnl': -50.0, 'trade_total_pnl': -100.0, 'cumulative_pnl': 870.0, 'peak_pnl': 1170.0, 'current_drawdown': 300.0}, {'trade_id': 9, 'lot1_pnl': 210.0, 'lot2_pnl': 210.0, 'lot3_pnl': 210.0, 'trade_total_pnl': 630.0, 'cumulative_pnl': 1500.0, 'peak_pnl': 1500.0, 'current_drawdown': 0.0}, {'trade_id': 10, 'lot1_pnl': 70.0, 'lot2_pnl': 70.0, 'lot3_pnl': 70.0, 'trade_total_pnl': 210.0, 'cumulative_pnl': 1710.0, 'peak_pnl': 1710.0, 'current_drawdown': 0.0}, {'trade_id': 11, 'lot1_pnl': 105.0, 'lot2_pnl': 105.0, 'lot3_pnl': 105.0, 'trade_total_pnl': 315.0, 'cumulative_pnl': 2025.0, 'peak_pnl': 2025.0, 'current_drawdown': 0.0}, {'trade_id': 12, 'lot1_pnl': -20.0, 'lot2_pnl': -80.0, 'lot3_pnl': -100.0, 'trade_total_pnl': -200.0, 'cumulative_pnl': 1825.0, 'peak_pnl': 2025.0, 'current_drawdown': 200.0}, {'trade_id': 13, 'lot1_pnl': -10.0, 'lot2_pnl': -40.0, 'lot3_pnl': -50.0, 'trade_total_pnl': -100.0, 'cumulative_pnl': 1725.0, 'peak_pnl': 2025.0, 'current_drawdown': 300.0}, {'trade_id': 14, 'lot1_pnl': 210.0, 'lot2_pnl': 210.0, 'lot3_pnl': 210.0, 'trade_total_pnl': 630.0, 'cumulative_pnl': 2355.0, 'peak_pnl': 2355.0, 'current_drawdown': 0.0}, {'trade_id': 15, 'lot1_pnl': 70.0, 'lot2_pnl': 70.0, 'lot3_pnl': 70.0, 'trade_total_pnl': 210.0, 'cumulative_pnl': 2565.0, 'peak_pnl': 2565.0, 'current_drawdown': 0.0}]",11:3011:31_L1SL10_L2SL40_L3SL50_TP70,11:30-11:31,10,40,50,70
2160.0,-204.0,2700.0,15,9,60.0,780.0,780.0,600.0,big_loss_recovery,"[{'trade_id': 1, 'lot1_pnl': 105.0, 'lot2_pnl': 105.0, 'lot3_pnl': 105.0, 'trade_total_pnl': 315.0, 'cumulative_pnl': 315.0, 'peak_pnl': 315.0, 'current_drawdown': 0.0}, {'trade_id': 2, 'lot1_pnl': -40.0, 'lot2_pnl': -40.0, 'lot3_pnl': -90.0, 'trade_total_pnl': -170.0, 'cumulative_pnl': 145.0, 'peak_pnl': 315.0, 'current_drawdown': 170.0}, {'trade_id': 3, 'lot1_pnl': -20.0, 'lot2_pnl': -20.0, 'lot3_pnl': -45.0, 'trade_total_pnl': -85.0, 'cumulative_pnl': 60.0, 'peak_pnl': 315.0, 'current_drawdown': 255.0}, {'trade_id': 4, 'lot1_pnl': 210.0, 'lot2_pnl': 210.0, 'lot3_pnl': 210.0, 'trade_total_pnl': 630.0, 'cumulative_pnl': 690.0, 'peak_pnl': 690.0, 'current_drawdown': 0.0}, {'trade_id': 5, 'lot1_pnl': 70.0, 'lot2_pnl': 70.0, 'lot3_pnl': 70.0, 'trade_total_pnl': 210.0, 'cumulative_pnl': 900.0, 'peak_pnl': 900.0, 'current_drawdown': 0.0}, {'trade_id': 6, 'lot1_pnl': 105.0, 'lot2_pnl': 105.0, 'lot3_pnl': 105.0, 'trade_total_pnl': 315.0, 'cumulative_pnl': 1215.0, 'peak_pnl': 1215.0, 'current_drawdown': 0.0}, {'trade_id': 7, 'lot1_pnl': -40.0, 'lot2_pnl': -40.0, 'lot3_pnl': -90.0, 'trade_total_pnl': -170.0, 'cumulative_pnl': 1045.0, 'peak_pnl': 1215.0, 'current_drawdown': 170.0}, {'trade_id': 8, 'lot1_pnl': -20.0, 'lot2_pnl': -20.0, 'lot3_pnl': -45.0, 'trade_total_pnl': -85.0, 'cumulative_pnl': 960.0, 'peak_pnl': 1215.0, 'current_drawdown': 255.0}, {'trade_id': 9, 'lot1_pnl': 210.0, 'lot2_pnl': 210.0, 'lot3_pnl': 210.0, 'trade_total_pnl': 630.0, 'cumulative_pnl': 1590.0, 'peak_pnl': 1590.0, 'current_drawdown': 0.0}, {'trade_id': 10, 'lot1_pnl': 70.0, 'lot2_pnl': 70.0, 'lot3_pnl': 70.0, 'trade_total_pnl': 210.0, 'cumulative_pnl': 1800.0, 'peak_pnl': 1800.0, 'current_drawdown': 0.0}, {'trade_id': 11, 'lot1_pnl': 105.0, 'lot2_pnl': 105.0, 'lot3_pnl': 105.0, 'trade_total_pnl': 315.0, 'cumulative_pnl': 2115.0, 'peak_pnl': 2115.0, 'current_drawdown': 0.0}, {'trade_id': 12, 'lot1_pnl': -40.0, 'lot2_pnl': -40.0, 'lot3_pnl': -90.0, 'trade_total_pnl': -170.0, 'cumulative_pnl': 1945.0, 'peak_pnl': 2115.0, 'current_drawdown': 170.0}, {'trade_id': 13, 'lot1_pnl': -20.0, 'lot2_pnl': -20.0, 'lot3_pnl': -45.0, 'trade_total_pnl': -85.0, 'cumulative_pnl': 1860.0, 'peak_pnl': 2115.0, 'current_drawdown': 255.0}, {'trade_id': 14, 'lot1_pnl': 210.0, 'lot2_pnl': 210.0, 'lot3_pnl': 210.0, 'trade_total_pnl': 630.0, 'cumulative_pnl': 2490.0, 'peak_pnl': 2490.0, 'current_drawdown': 0.0}, {'trade_id': 15, 'lot1_pnl': 70.0, 'lot2_pnl': 70.0, 'lot3_pnl': 70.0, 'trade_total_pnl': 210.0, 'cumulative_pnl': 2700.0, 'peak_pnl': 2700.0, 'current_drawdown': 0.0}]",12:3012:31_L1SL20_L2SL20_L3SL45_TP70,12:30-12:31,20,20,45,70
4926.150000000001,-42.75,5473.5,15,12,80.0,1664.55,1651.05,1610.55,trending_market,"[{'trade_id': 1, 'lot1_pnl': 160.0, 'lot2_pnl': 160.0, 'lot3_pnl': 160.0, 'trade_total_pnl': 480.0, 'cumulative_pnl': 480.0, 'peak_pnl': 480.0, 'current_drawdown': 0.0}, {'trade_id': 2, 'lot1_pnl': 120.0, 'lot2_pnl': 120.0, 'lot3_pnl': 120.0, 'trade_total_pnl': 360.0, 'cumulative_pnl': 840.0, 'peak_pnl': 840.0, 'current_drawdown': 0.0}, {'trade_id': 3, 'lot1_pnl': -7.5, 'lot2_pnl': -12.5, 'lot3_pnl': -27.5, 'trade_total_pnl': -47.5, 'cumulative_pnl': 792.5, 'peak_pnl': 840.0, 'current_drawdown': 47.5}, {'trade_id': 4, 'lot1_pnl': 200.0, 'lot2_pnl': 200.0, 'lot3_pnl': 200.0, 'trade_total_pnl': 600.0, 'cumulative_pnl': 1392.5, 'peak_pnl': 1392.5, 'current_drawdown': 0.0}, {'trade_id': 5, 'lot1_pnl': 144.0, 'lot2_pnl': 144.0, 'lot3_pnl': 144.0, 'trade_total_pnl': 432.0, 'cumulative_pnl': 1824.5, 'peak_pnl': 1824.5, 'current_drawdown': 0.0}, {'trade_id': 6, 'lot1_pnl': 160.0, 'lot2_pnl': 160.0, 'lot3_pnl': 160.0, 'trade_total_pnl': 480.0, 'cumulative_pnl': 2304.5, 'peak_pnl': 2304.5, 'current_drawdown': 0.0}, {'trade_id': 7, 'lot1_pnl': 120.0, 'lot2_pnl': 120.0, 'lot3_pnl': 120.0, 'trade_total_pnl': 360.0, 'cumulative_pnl': 2664.5, 'peak_pnl': 2664.5, 'current_drawdown': 0.0}, {'trade_id': 8, 'lot1_pnl': -7.5, 'lot2_pnl': -12.5, 'lot3_pnl': -27.5, 'trade_total_pnl': -47.5, 'cumulative_pnl': 2617.0, 'peak_pnl': 2664.5, 'current_drawdown': 47.5}, {'trade_id': 9, 'lot1_pnl': 200.0, 'lot2_pnl': 200.0, 'lot3_pnl': 200.0, 'trade_total_pnl': 600.0, 'cumulative_pnl': 3217.0, 'peak_pnl': 3217.0, 'current_drawdown': 0.0}, {'trade_id': 10, 'lot1_pnl': 144.0, 'lot2_pnl': 144.0, 'lot3_pnl': 144.0, 'trade_total_pnl': 432.0, 'cumulative_pnl': 3649.0, 'peak_pnl': 3649.0, 'current_drawdown': 0.0}, {'trade_id': 11, 'lot1_pnl': 160.0, 'lot2_pnl': 160.0, 'lot3_pnl': 160.0, 'trade_total_pnl': 480.0, 'cumulative_pnl': 4129.0, 'peak_pnl': 4129.0, 'current_drawdown': 0.0}, {'trade_id': 12, 'lot1_pnl': 120.0, 'lot2_pnl': 120.0, 'lot3_pnl': 120.0, 'trade_total_pnl': 360.0, 'cumulative_pnl': 4489.0, 'peak_pnl': 4489.0, 'current_drawdown': 0.0}, {'trade_id': 13, 'lot1_pnl': -7.5, 'lot2_pnl': -12.5, 'lot3_pnl': -27.5, 'trade_total_pnl': -47.5, 'cumulative_pnl': 4441.5, 'peak_pnl': 4489.0, 'current_drawdown': 47.5}, {'trade_id': 14, 'lot1_pnl': 200.0, 'lot2_pnl': 200.0, 'lot3_pnl': 200.0, 'trade_total_pnl': 600.0, 'cumulative_pnl': 5041.5, 'peak_pnl': 5041.5, 'current_drawdown': 0.0}, {'trade_id': 15, 'lot1_pnl': 144.0, 'lot2_pnl': 144.0, 'lot3_pnl': 144.0, 'trade_total_pnl': 432.0, 'cumulative_pnl': 5473.5, 'peak_pnl': 5473.5, 'current_drawdown': 0.0}]",11:3011:31_L1SL15_L2SL25_L3SL55_TP80,11:30-11:31,15,25,55,80
5478.0,-46.0,6847.5,15,12,80.0,1848.0,1818.0,1812.0,trending_market,"[{'trade_id': 1, 'lot1_pnl': 200.0, 'lot2_pnl': 200.0, 'lot3_pnl': 200.0, 'trade_total_pnl': 600.0, 'cumulative_pnl': 600.0, 'peak_pnl': 600.0, 'current_drawdown': 0.0}, {'trade_id': 2, 'lot1_pnl': 150.0, 'lot2_pnl': 150.0, 'lot3_pnl': 150.0, 'trade_total_pnl': 450.0, 'cumulative_pnl': 1050.0, 'peak_pnl': 1050.0, 'current_drawdown': 0.0}, {'trade_id': 3, 'lot1_pnl': -10.0, 'lot2_pnl': -22.5, 'lot3_pnl': -25.0, 'trade_total_pnl': -57.5, 'cumulative_pnl': 992.5, 'peak_pnl': 1050.0, 'current_drawdown': 57.5}, {'trade_id': 4, 'lot1_pnl': 250.0, 'lot2_pnl': 250.0, 'lot3_pnl': 250.0, 'trade_total_pnl': 750.0, 'cumulative_pnl': 1742.5, 'peak_pnl': 1742.5, 'current_drawdown': 0.0}, {'trade_id': 5, 'lot1_pnl': 180.0, 'lot2_pnl': 180.0, 'lot3_pnl': 180.0, 'trade_total_pnl': 540.0, 'cumulative_pnl': 2282.5, 'peak_pnl': 2282.5, 'current_drawdown': 0.0}, {'trade_id': 6, 'lot1_pnl': 200.0, 'lot2_pnl': 200.0, 'lot3_pnl': 200.0, 'trade_total_pnl': 600.0, 'cumulative_pnl': 2882.5, 'peak_pnl': 2882.5, 'current_drawdown': 0.0}, {'trade_id': 7, 'lot1_pnl': 150.0, 'lot2_pnl': 150.0, 'lot3_pnl': 150.0, 'trade_total_pnl': 450.0, 'cumulative_pnl': 3332.5, 'peak_pnl': 3332.5, 'current_drawdown': 0.0}, {'trade_id': 8, 'lot1_pnl': -10.0, 'lot2_pnl': -22.5, 'lot3_pnl': -25.0, 'trade_total_pnl': -57.5, 'cumulative_pnl': 3275.0, 'peak_pnl': 3332.5, 'current_drawdown': 57.5}, {'trade_id': 9, 'lot1_pnl': 250.0, 'lot2_pnl': 250.0, 'lot3_pnl': 250.0, 'trade_total_pnl': 750.0, 'cumulative_pnl': 4025.0, 'peak_pnl': 4025.0, 'current_drawdown': 0.0}, {'trade_id': 10, 'lot1_pnl': 180.0, 'lot2_pnl': 180.0, 'lot3_pnl': 180.0, 'trade_total_pnl': 540.0, 'cumulative_pnl': 4565.0, 'peak_pnl': 4565.0, 'current_drawdown': 0.0}, {'trade_id': 11, 'lot1_pnl': 200.0, 'lot2_pnl': 200.0, 'lot3_pnl': 200.0, 'trade_total_pnl': 600.0, 'cumulative_pnl': 5165.0, 'peak_pnl': 5165.0, 'current_drawdown': 0.0}, {'trade_id': 12, 'lot1_pnl': 150.0, 'lot2_pnl': 150.0, 'lot3_pnl': 150.0, 'trade_total_pnl': 450.0, 'cumulative_pnl': 5615.0, 'peak_pnl': 5615.0, 'current_drawdown': 0.0}, {'trade_id': 13, 'lot1_pnl': -10.0, 'lot2_pnl': -22.5, 'lot3_pnl': -25.0, 'trade_total_pnl': -57.5, 'cumulative_pnl': 5557.5, 'peak_pnl': 5615.0, 'current_drawdown': 57.5}, {'trade_id': 14, 'lot1_pnl': 250.0, 'lot2_pnl': 250.0, 'lot3_pnl': 250.0, 'trade_total_pnl': 750.0, 'cumulative_pnl': 6307.5, 'peak_pnl': 6307.5, 'current_drawdown': 0.0}, {'trade_id': 15, 'lot1_pnl': 180.0, 'lot2_pnl': 180.0, 'lot3_pnl': 180.0, 'trade_total_pnl': 540.0, 'cumulative_pnl': 6847.5, 'peak_pnl': 6847.5, 'current_drawdown': 0.0}]",12:3012:31_L1SL20_L2SL45_L3SL50_TP100,12:30-12:31,20,45,50,100
2799.9,-108.9,3111.0,21,12,57.14285714285714,1050.3,874.8000000000001,874.8000000000001,volatile_market,"[{'trade_id': 1, 'lot1_pnl': 90.0, 'lot2_pnl': 90.0, 'lot3_pnl': 90.0, 'trade_total_pnl': 270.0, 'cumulative_pnl': 270.0, 'peak_pnl': 270.0, 'current_drawdown': 0.0}, {'trade_id': 2, 'lot1_pnl': -16.0, 'lot2_pnl': -36.0, 'lot3_pnl': -36.0, 'trade_total_pnl': -88.0, 'cumulative_pnl': 182.0, 'peak_pnl': 270.0, 'current_drawdown': 88.0}, {'trade_id': 3, 'lot1_pnl': 108.0, 'lot2_pnl': 108.0, 'lot3_pnl': 108.0, 'trade_total_pnl': 324.0, 'cumulative_pnl': 506.0, 'peak_pnl': 506.0, 'current_drawdown': 0.0}, {'trade_id': 4, 'lot1_pnl': -22.0, 'lot2_pnl': -49.50000000000001, 'lot3_pnl': -49.50000000000001, 'trade_total_pnl': -121.0, 'cumulative_pnl': 385.0, 'peak_pnl': 506.0, 'current_drawdown': 121.0}, {'trade_id': 5, 'lot1_pnl': 81.0, 'lot2_pnl': 81.0, 'lot3_pnl': 81.0, 'trade_total_pnl': 243.0, 'cumulative_pnl': 628.0, 'peak_pnl': 628.0, 'current_drawdown': 0.0}, {'trade_id': 6, 'lot1_pnl': -14.0, 'lot2_pnl': -31.499999999999996, 'lot3_pnl': -31.499999999999996, 'trade_total_pnl': -77.0, 'cumulative_pnl': 551.0, 'peak_pnl': 628.0, 'current_drawdown': 77.0}, {'trade_id': 7, 'lot1_pnl': 162.0, 'lot2_pnl': 162.0, 'lot3_pnl': 162.0, 'trade_total_pnl': 486.0, 'cumulative_pnl': 1037.0, 'peak_pnl': 1037.0, 'current_drawdown': 0.0}, {'trade_id': 8, 'lot1_pnl': 90.0, 'lot2_pnl': 90.0, 'lot3_pnl': 90.0, 'trade_total_pnl': 270.0, 'cumulative_pnl': 1307.0, 'peak_pnl': 1307.0, 'current_drawdown': 0.0}, {'trade_id': 9, 'lot1_pnl': -16.0, 'lot2_pnl': -36.0, 'lot3_pnl': -36.0, 'trade_total_pnl': -88.0, 'cumulative_pnl': 1219.0, 'peak_pnl': 1307.0, 'current_drawdown': 88.0}, {'trade_id': 10, 'lot1_pnl': 108.0, 'lot2_pnl': 108.0, 'lot3_pnl': 108.0, 'trade_total_pnl': 324.0, 'cumulative_pnl': 1543.0, 'peak_pnl': 1543.0, 'current_drawdown': 0.0}, {'trade_id': 11, 'lot1_pnl': -22.0, 'lot2_pnl': -49.50000000000001, 'lot3_pnl': -49.50000000000001, 'trade_total_pnl': -121.0, 'cumulative_pnl': 1422.0, 'peak_pnl': 1543.0, 'current_drawdown': 121.0}, {'trade_id': 12, 'lot1_pnl': 81.0, 'lot2_pnl': 81.0, 'lot3_pnl': 81.0, 'trade_total_pnl': 243.0, 'cumulative_pnl': 1665.0, 'peak_pnl': 1665.0, 'current_drawdown': 0.0}, {'trade_id': 13, 'lot1_pnl': -14.0, 'lot2_pnl': -31.499999999999996, 'lot3_pnl': -31.499999999999996, 'trade_total_pnl': -77.0, 'cumulative_pnl': 1588.0, 'peak_pnl': 1665.0, 'current_drawdown': 77.0}, {'trade_id': 14, 'lot1_pnl': 162.0, 'lot2_pnl': 162.0, 'lot3_pnl': 162.0, 'trade_total_pnl': 486.0, 'cumulative_pnl': 2074.0, 'peak_pnl': 2074.0, 'current_drawdown': 0.0}, {'trade_id': 15, 'lot1_pnl': 90.0, 'lot2_pnl': 90.0, 'lot3_pnl': 90.0, 'trade_total_pnl': 270.0, 'cumulative_pnl': 2344.0, 'peak_pnl': 2344.0, 'current_drawdown': 0.0}, {'trade_id': 16, 'lot1_pnl': -16.0, 'lot2_pnl': -36.0, 'lot3_pnl': -36.0, 'trade_total_pnl': -88.0, 'cumulative_pnl': 2256.0, 'peak_pnl': 2344.0, 'current_drawdown': 88.0}, {'trade_id': 17, 'lot1_pnl': 108.0, 'lot2_pnl': 108.0, 'lot3_pnl': 108.0, 'trade_total_pnl': 324.0, 'cumulative_pnl': 2580.0, 'peak_pnl': 2580.0, 'current_drawdown': 0.0}, {'trade_id': 18, 'lot1_pnl': -22.0, 'lot2_pnl': -49.50000000000001, 'lot3_pnl': -49.50000000000001, 'trade_total_pnl': -121.0, 'cumulative_pnl': 2459.0, 'peak_pnl': 2580.0, 'current_drawdown': 121.0}, {'trade_id': 19, 'lot1_pnl': 81.0, 'lot2_pnl': 81.0, 'lot3_pnl': 81.0, 'trade_total_pnl': 243.0, 'cumulative_pnl': 2702.0, 'peak_pnl': 2702.0, 'current_drawdown': 0.0}, {'trade_id': 20, 'lot1_pnl': -14.0, 'lot2_pnl': -31.499999999999996, 'lot3_pnl': -31.499999999999996, 'trade_total_pnl': -77.0, 'cumulative_pnl': 2625.0, 'peak_pnl': 2702.0, 'current_drawdown': 77.0}, {'trade_id': 21, 'lot1_pnl': 162.0, 'lot2_pnl': 162.0, 'lot3_pnl': 162.0, 'trade_total_pnl': 486.0, 'cumulative_pnl': 3111.0, 'peak_pnl': 3111.0, 'current_drawdown': 0.0}]",11:3011:31_L1SL20_L2SL45_L3SL45_TP90,11:30-11:31,20,45,45,90
-1620.0,-1620.0,0.0,15,0,0.0,-180.0,-360.0,-1080.0,worst_case,"[{'trade_id': 1, 'lot1_pnl': -10.0, 'lot2_pnl': -20.0, 'lot3_pnl': -60.0, 'trade_total_pnl': -90.0, 'cumulative_pnl': -90.0, 'peak_pnl': 0, 'current_drawdown': 90.0}, {'trade_id': 2, 'lot1_pnl': -10.0, 'lot2_pnl': -20.0, 'lot3_pnl': -60.0, 'trade_total_pnl': -90.0, 'cumulative_pnl': -180.0, 'peak_pnl': 0, 'current_drawdown': 180.0}, {'trade_id': 3, 'lot1_pnl': -10.0, 'lot2_pnl': -20.0, 'lot3_pnl': -60.0, 'trade_total_pnl': -90.0, 'cumulative_pnl': -270.0, 'peak_pnl': 0, 'current_drawdown': 270.0}, {'trade_id': 4, 'lot1_pnl': -10.0, 'lot2_pnl': -20.0, 'lot3_pnl': -60.0, 'trade_total_pnl': -90.0, 'cumulative_pnl': -360.0, 'peak_pnl': 0, 'current_drawdown': 360.0}, {'trade_id': 5, 'lot1_pnl': -10.0, 'lot2_pnl': -20.0, 'lot3_pnl': -60.0, 'trade_total_pnl': -90.0, 'cumulative_pnl': -450.0, 'peak_pnl': 0, 'current_drawdown': 450.0}, {'trade_id': 6, 'lot1_pnl': -10.0, 'lot2_pnl': -20.0, 'lot3_pnl': -60.0, 'trade_total_pnl': -90.0, 'cumulative_pnl': -540.0, 'peak_pnl': 0, 'current_drawdown': 540.0}, {'trade_id': 7, 'lot1_pnl': -10.0, 'lot2_pnl': -20.0, 'lot3_pnl': -60.0, 'trade_total_pnl': -90.0, 'cumulative_pnl': -630.0, 'peak_pnl': 0, 'current_drawdown': 630.0}, {'trade_id': 8, 'lot1_pnl': -10.0, 'lot2_pnl': -20.0, 'lot3_pnl': -60.0, 'trade_total_pnl': -90.0, 'cumulative_pnl': -720.0, 'peak_pnl': 0, 'current_drawdown': 720.0}, {'trade_id': 9, 'lot1_pnl': -10.0, 'lot2_pnl': -20.0, 'lot3_pnl': -60.0, 'trade_total_pnl': -90.0, 'cumulative_pnl': -810.0, 'peak_pnl': 0, 'current_drawdown': 810.0}, {'trade_id': 10, 'lot1_pnl': -10.0, 'lot2_pnl': -20.0, 'lot3_pnl': -60.0, 'trade_total_pnl': -90.0, 'cumulative_pnl': -900.0, 'peak_pnl': 0, 'current_drawdown': 900.0}, {'trade_id': 11, 'lot1_pnl': -10.0, 'lot2_pnl': -20.0, 'lot3_pnl': -60.0, 'trade_total_pnl': -90.0, 'cumulative_pnl': -990.0, 'peak_pnl': 0, 'current_drawdown': 990.0}, {'trade_id': 12, 'lot1_pnl': -10.0, 'lot2_pnl': -20.0, 'lot3_pnl': -60.0, 'trade_total_pnl': -90.0, 'cumulative_pnl': -1080.0, 'peak_pnl': 0, 'current_drawdown': 1080.0}, {'trade_id': 13, 'lot1_pnl': -10.0, 'lot2_pnl': -20.0, 'lot3_pnl': -60.0, 'trade_total_pnl': -90.0, 'cumulative_pnl': -1170.0, 'peak_pnl': 0, 'current_drawdown': 1170.0}, {'trade_id': 14, 'lot1_pnl': -10.0, 'lot2_pnl': -20.0, 'lot3_pnl': -60.0, 'trade_total_pnl': -90.0, 'cumulative_pnl': -1260.0, 'peak_pnl': 0, 'current_drawdown': 1260.0}, {'trade_id': 15, 'lot1_pnl': -10.0, 'lot2_pnl': -20.0, 'lot3_pnl': -60.0, 'trade_total_pnl': -90.0, 'cumulative_pnl': -1350.0, 'peak_pnl': 0, 'current_drawdown': 1350.0}]",10:3010:31_L1SL10_L2SL20_L3SL60_TP80,10:30-10:31,10,20,60,80
2098.7999999999997,-151.79999999999998,1749.0,21,12,57.14285714285714,777.6,684.0,637.1999999999999,volatile_market,"[{'trade_id': 1, 'lot1_pnl': 60.0, 'lot2_pnl': 60.0, 'lot3_pnl': 60.0, 'trade_total_pnl': 180.0, 'cumulative_pnl': 180.0, 'peak_pnl': 180.0, 'current_drawdown': 0.0}, {'trade_id': 2, 'lot1_pnl': -24.0, 'lot2_pnl': -32.0, 'lot3_pnl': -36.0, 'trade_total_pnl': -92.0, 'cumulative_pnl': 88.0, 'peak_pnl': 180.0, 'current_drawdown': 92.0}, {'trade_id': 3, 'lot1_pnl': 72.0, 'lot2_pnl': 72.0, 'lot3_pnl': 72.0, 'trade_total_pnl': 216.0, 'cumulative_pnl': 304.0, 'peak_pnl': 304.0, 'current_drawdown': 0.0}, {'trade_id': 4, 'lot1_pnl': -33.0, 'lot2_pnl': -44.0, 'lot3_pnl': -49.50000000000001, 'trade_total_pnl': -126.5, 'cumulative_pnl': 177.5, 'peak_pnl': 304.0, 'current_drawdown': 126.5}, {'trade_id': 5, 'lot1_pnl': 54.0, 'lot2_pnl': 54.0, 'lot3_pnl': 54.0, 'trade_total_pnl': 162.0, 'cumulative_pnl': 339.5, 'peak_pnl': 339.5, 'current_drawdown': 0.0}, {'trade_id': 6, 'lot1_pnl': -21.0, 'lot2_pnl': -28.0, 'lot3_pnl': -31.499999999999996, 'trade_total_pnl': -80.5, 'cumulative_pnl': 259.0, 'peak_pnl': 339.5, 'current_drawdown': 80.5}, {'trade_id': 7, 'lot1_pnl': 108.0, 'lot2_pnl': 108.0, 'lot3_pnl': 108.0, 'trade_total_pnl': 324.0, 'cumulative_pnl': 583.0, 'peak_pnl': 583.0, 'current_drawdown': 0.0}, {'trade_id': 8, 'lot1_pnl': 60.0, 'lot2_pnl': 60.0, 'lot3_pnl': 60.0, 'trade_total_pnl': 180.0, 'cumulative_pnl': 763.0, 'peak_pnl': 763.0, 'current_drawdown': 0.0}, {'trade_id': 9, 'lot1_pnl': -24.0, 'lot2_pnl': -32.0, 'lot3_pnl': -36.0, 'trade_total_pnl': -92.0, 'cumulative_pnl': 671.0, 'peak_pnl': 763.0, 'current_drawdown': 92.0}, {'trade_id': 10, 'lot1_pnl': 72.0, 'lot2_pnl': 72.0, 'lot3_pnl': 72.0, 'trade_total_pnl': 216.0, 'cumulative_pnl': 887.0, 'peak_pnl': 887.0, 'current_drawdown': 0.0}, {'trade_id': 11, 'lot1_pnl': -33.0, 'lot2_pnl': -44.0, 'lot3_pnl': -49.50000000000001, 'trade_total_pnl': -126.5, 'cumulative_pnl': 760.5, 'peak_pnl': 887.0, 'current_drawdown': 126.5}, {'trade_id': 12, 'lot1_pnl': 54.0, 'lot2_pnl': 54.0, 'lot3_pnl': 54.0, 'trade_total_pnl': 162.0, 'cumulative_pnl': 922.5, 'peak_pnl': 922.5, 'current_drawdown': 0.0}, {'trade_id': 13, 'lot1_pnl': -21.0, 'lot2_pnl': -28.0, 'lot3_pnl': -31.499999999999996, 'trade_total_pnl': -80.5, 'cumulative_pnl': 842.0, 'peak_pnl': 922.5, 'current_drawdown': 80.5}, {'trade_id': 14, 'lot1_pnl': 108.0, 'lot2_pnl': 108.0, 'lot3_pnl': 108.0, 'trade_total_pnl': 324.0, 'cumulative_pnl': 1166.0, 'peak_pnl': 1166.0, 'current_drawdown': 0.0}, {'trade_id': 15, 'lot1_pnl': 60.0, 'lot2_pnl': 60.0, 'lot3_pnl': 60.0, 'trade_total_pnl': 180.0, 'cumulative_pnl': 1346.0, 'peak_pnl': 1346.0, 'current_drawdown': 0.0}, {'trade_id': 16, 'lot1_pnl': -24.0, 'lot2_pnl': -32.0, 'lot3_pnl': -36.0, 'trade_total_pnl': -92.0, 'cumulative_pnl': 1254.0, 'peak_pnl': 1346.0, 'current_drawdown': 92.0}, {'trade_id': 17, 'lot1_pnl': 72.0, 'lot2_pnl': 72.0, 'lot3_pnl': 72.0, 'trade_total_pnl': 216.0, 'cumulative_pnl': 1470.0, 'peak_pnl': 1470.0, 'current_drawdown': 0.0}, {'trade_id': 18, 'lot1_pnl': -33.0, 'lot2_pnl': -44.0, 'lot3_pnl': -49.50000000000001, 'trade_total_pnl': -126.5, 'cumulative_pnl': 1343.5, 'peak_pnl': 1470.0, 'current_drawdown': 126.5}, {'trade_id': 19, 'lot1_pnl': 54.0, 'lot2_pnl': 54.0, 'lot3_pnl': 54.0, 'trade_total_pnl': 162.0, 'cumulative_pnl': 1505.5, 'peak_pnl': 1505.5, 'current_drawdown': 0.0}, {'trade_id': 20, 'lot1_pnl': -21.0, 'lot2_pnl': -28.0, 'lot3_pnl': -31.499999999999996, 'trade_total_pnl': -80.5, 'cumulative_pnl': 1425.0, 'peak_pnl': 1505.5, 'current_drawdown': 80.5}, {'trade_id': 21, 'lot1_pnl': 108.0, 'lot2_pnl': 108.0, 'lot3_pnl': 108.0, 'trade_total_pnl': 324.0, 'cumulative_pnl': 1749.0, 'peak_pnl': 1749.0, 'current_drawdown': 0.0}]",10:3010:31_L1SL30_L2SL40_L3SL45_TP60,10:30-10:31,30,40,45,60
2551.2000000000003,-88.0,3189.0,21,12,57.14285714285714,933.6,933.6,684.0,volatile_market,"[{'trade_id': 1, 'lot1_pnl': 90.0, 'lot2_pnl': 90.0, 'lot3_pnl': 90.0, 'trade_total_pnl': 270.0, 'cumulative_pnl': 270.0, 'peak_pnl': 270.0, 'current_drawdown': 0.0}, {'trade_id': 2, 'lot1_pnl': -16.0, 'lot2_pnl': -16.0, 'lot3_pnl': -48.0, 'trade_total_pnl': -80.0, 'cumulative_pnl': 190.0, 'peak_pnl': 270.0, 'current_drawdown': 80.0}, {'trade_id': 3, 'lot1_pnl': 108.0, 'lot2_pnl': 108.0, 'lot3_pnl': 108.0, 'trade_total_pnl': 324.0, 'cumulative_pnl': 514.0, 'peak_pnl': 514.0, 'current_drawdown': 0.0}, {'trade_id': 4, 'lot1_pnl': -22.0, 'lot2_pnl': -22.0, 'lot3_pnl': -66.0, 'trade_total_pnl': -110.0, 'cumulative_pnl': 404.0, 'peak_pnl': 514.0, 'current_drawdown': 110.0}, {'trade_id': 5, 'lot1_pnl': 81.0, 'lot2_pnl': 81.0, 'lot3_pnl': 81.0, 'trade_total_pnl': 243.0, 'cumulative_pnl': 647.0, 'peak_pnl': 647.0, 'current_drawdown': 0.0}, {'trade_id': 6, 'lot1_pnl': -14.0, 'lot2_pnl': -14.0, 'lot3_pnl': -42.0, 'trade_total_pnl': -70.0, 'cumulative_pnl': 577.0, 'peak_pnl': 647.0, 'current_drawdown': 70.0}, {'trade_id': 7, 'lot1_pnl': 162.0, 'lot2_pnl': 162.0, 'lot3_pnl': 162.0, 'trade_total_pnl': 486.0, 'cumulative_pnl': 1063.0, 'peak_pnl': 1063.0, 'current_drawdown': 0.0}, {'trade_id': 8, 'lot1_pnl': 90.0, 'lot2_pnl': 90.0, 'lot3_pnl': 90.0, 'trade_total_pnl': 270.0, 'cumulative_pnl': 1333.0, 'peak_pnl': 1333.0, 'current_drawdown': 0.0}, {'trade_id': 9, 'lot1_pnl': -16.0, 'lot2_pnl': -16.0, 'lot3_pnl': -48.0, 'trade_total_pnl': -80.0, 'cumulative_pnl': 1253.0, 'peak_pnl': 1333.0, 'current_drawdown': 80.0}, {'trade_id': 10, 'lot1_pnl': 108.0, 'lot2_pnl': 108.0, 'lot3_pnl': 108.0, 'trade_total_pnl': 324.0, 'cumulative_pnl': 1577.0, 'peak_pnl': 1577.0, 'current_drawdown': 0.0}, {'trade_id': 11, 'lot1_pnl': -22.0, 'lot2_pnl': -22.0, 'lot3_pnl': -66.0, 'trade_total_pnl': -110.0, 'cumulative_pnl': 1467.0, 'peak_pnl': 1577.0, 'current_drawdown': 110.0}, {'trade_id': 12, 'lot1_pnl': 81.0, 'lot2_pnl': 81.0, 'lot3_pnl': 81.0, 'trade_total_pnl': 243.0, 'cumulative_pnl': 1710.0, 'peak_pnl': 1710.0, 'current_drawdown': 0.0}, {'trade_id': 13, 'lot1_pnl': -14.0, 'lot2_pnl': -14.0, 'lot3_pnl': -42.0, 'trade_total_pnl': -70.0, 'cumulative_pnl': 1640.0, 'peak_pnl': 1710.0, 'current_drawdown': 70.0}, {'trade_id': 14, 'lot1_pnl': 162.0, 'lot2_pnl': 162.0, 'lot3_pnl': 162.0, 'trade_total_pnl': 486.0, 'cumulative_pnl': 2126.0, 'peak_pnl': 2126.0, 'current_drawdown': 0.0}, {'trade_id': 15, 'lot1_pnl': 90.0, 'lot2_pnl': 90.0, 'lot3_pnl': 90.0, 'trade_total_pnl': 270.0, 'cumulative_pnl': 2396.0, 'peak_pnl': 2396.0, 'current_drawdown': 0.0}, {'trade_id': 16, 'lot1_pnl': -16.0, 'lot2_pnl': -16.0, 'lot3_pnl': -48.0, 'trade_total_pnl': -80.0, 'cumulative_pnl': 2316.0, 'peak_pnl': 2396.0, 'current_drawdown': 80.0}, {'trade_id': 17, 'lot1_pnl': 108.0, 'lot2_pnl': 108.0, 'lot3_pnl': 108.0, 'trade_total_pnl': 324.0, 'cumulative_pnl': 2640.0, 'peak_pnl': 2640.0, 'current_drawdown': 0.0}, {'trade_id': 18, 'lot1_pnl': -22.0, 'lot2_pnl': -22.0, 'lot3_pnl': -66.0, 'trade_total_pnl': -110.0, 'cumulative_pnl': 2530.0, 'peak_pnl': 2640.0, 'current_drawdown': 110.0}, {'trade_id': 19, 'lot1_pnl': 81.0, 'lot2_pnl': 81.0, 'lot3_pnl': 81.0, 'trade_total_pnl': 243.0, 'cumulative_pnl': 2773.0, 'peak_pnl': 2773.0, 'current_drawdown': 0.0}, {'trade_id': 20, 'lot1_pnl': -14.0, 'lot2_pnl': -14.0, 'lot3_pnl': -42.0, 'trade_total_pnl': -70.0, 'cumulative_pnl': 2703.0, 'peak_pnl': 2773.0, 'current_drawdown': 70.0}, {'trade_id': 21, 'lot1_pnl': 162.0, 'lot2_pnl': 162.0, 'lot3_pnl': 162.0, 'trade_total_pnl': 486.0, 'cumulative_pnl': 3189.0, 'peak_pnl': 3189.0, 'current_drawdown': 0.0}]",12:3012:31_L1SL20_L2SL20_L3SL60_TP90,12:30-12:31,20,20,60,90
1742.4,-52.800000000000004,2178.0,21,12,57.14285714285714,643.2,580.8000000000001,518.4,volatile_market,"[{'trade_id': 1, 'lot1_pnl': 60.0, 'lot2_pnl': 60.0, 'lot3_pnl': 60.0, 'trade_total_pnl': 180.0, 'cumulative_pnl': 180.0, 'peak_pnl': 180.0, 'current_drawdown': 0.0}, {'trade_id': 2, 'lot1_pnl': -8.0, 'lot2_pnl': -16.0, 'lot3_pnl': -24.0, 'trade_total_pnl': -48.0, 'cumulative_pnl': 132.0, 'peak_pnl': 180.0, 'current_drawdown': 48.0}, {'trade_id': 3, 'lot1_pnl': 72.0, 'lot2_pnl': 72.0, 'lot3_pnl': 72.0, 'trade_total_pnl': 216.0, 'cumulative_pnl': 348.0, 'peak_pnl': 348.0, 'current_drawdown': 0.0}, {'trade_id': 4, 'lot1_pnl': -11.0, 'lot2_pnl': -22.0, 'lot3_pnl': -33.0, 'trade_total_pnl': -66.0, 'cumulative_pnl': 282.0, 'peak_pnl': 348.0, 'current_drawdown': 66.0}, {'trade_id': 5, 'lot1_pnl': 54.0, 'lot2_pnl': 54.0, 'lot3_pnl': 54.0, 'trade_total_pnl': 162.0, 'cumulative_pnl': 444.0, 'peak_pnl': 444.0, 'current_drawdown': 0.0}, {'trade_id': 6, 'lot1_pnl': -7.0, 'lot2_pnl': -14.0, 'lot3_pnl': -21.0, 'trade_total_pnl': -42.0, 'cumulative_pnl': 402.0, 'peak_pnl': 444.0, 'current_drawdown': 42.0}, {'trade_id': 7, 'lot1_pnl': 108.0, 'lot2_pnl': 108.0, 'lot3_pnl': 108.0, 'trade_total_pnl': 324.0, 'cumulative_pnl': 726.0, 'peak_pnl': 726.0, 'current_drawdown': 0.0}, {'trade_id': 8, 'lot1_pnl': 60.0, 'lot2_pnl': 60.0, 'lot3_pnl': 60.0, 'trade_total_pnl': 180.0, 'cumulative_pnl': 906.0, 'peak_pnl': 906.0, 'current_drawdown': 0.0}, {'trade_id': 9, 'lot1_pnl': -8.0, 'lot2_pnl': -16.0, 'lot3_pnl': -24.0, 'trade_total_pnl': -48.0, 'cumulative_pnl': 858.0, 'peak_pnl': 906.0, 'current_drawdown': 48.0}, {'trade_id': 10, 'lot1_pnl': 72.0, 'lot2_pnl': 72.0, 'lot3_pnl': 72.0, 'trade_total_pnl': 216.0, 'cumulative_pnl': 1074.0, 'peak_pnl': 1074.0, 'current_drawdown': 0.0}, {'trade_id': 11, 'lot1_pnl': -11.0, 'lot2_pnl': -22.0, 'lot3_pnl': -33.0, 'trade_total_pnl': -66.0, 'cumulative_pnl': 1008.0, 'peak_pnl': 1074.0, 'current_drawdown': 66.0}, {'trade_id': 12, 'lot1_pnl': 54.0, 'lot2_pnl': 54.0, 'lot3_pnl': 54.0, 'trade_total_pnl': 162.0, 'cumulative_pnl': 1170.0, 'peak_pnl': 1170.0, 'current_drawdown': 0.0}, {'trade_id': 13, 'lot1_pnl': -7.0, 'lot2_pnl': -14.0, 'lot3_pnl': -21.0, 'trade_total_pnl': -42.0, 'cumulative_pnl': 1128.0, 'peak_pnl': 1170.0, 'current_drawdown': 42.0}, {'trade_id': 14, 'lot1_pnl': 108.0, 'lot2_pnl': 108.0, 'lot3_pnl': 108.0, 'trade_total_pnl': 324.0, 'cumulative_pnl': 1452.0, 'peak_pnl': 1452.0, 'current_drawdown': 0.0}, {'trade_id': 15, 'lot1_pnl': 60.0, 'lot2_pnl': 60.0, 'lot3_pnl': 60.0, 'trade_total_pnl': 180.0, 'cumulative_pnl': 1632.0, 'peak_pnl': 1632.0, 'current_drawdown': 0.0}, {'trade_id': 16, 'lot1_pnl': -8.0, 'lot2_pnl': -16.0, 'lot3_pnl': -24.0, 'trade_total_pnl': -48.0, 'cumulative_pnl': 1584.0, 'peak_pnl': 1632.0, 'current_drawdown': 48.0}, {'trade_id': 17, 'lot1_pnl': 72.0, 'lot2_pnl': 72.0, 'lot3_pnl': 72.0, 'trade_total_pnl': 216.0, 'cumulative_pnl': 1800.0, 'peak_pnl': 1800.0, 'current_drawdown': 0.0}, {'trade_id': 18, 'lot1_pnl': -11.0, 'lot2_pnl': -22.0, 'lot3_pnl': -33.0, 'trade_total_pnl': -66.0, 'cumulative_pnl': 1734.0, 'peak_pnl': 1800.0, 'current_drawdown': 66.0}, {'trade_id': 19, 'lot1_pnl': 54.0, 'lot2_pnl': 54.0, 'lot3_pnl': 54.0, 'trade_total_pnl': 162.0, 'cumulative_pnl': 1896.0, 'peak_pnl': 1896.0, 'current_drawdown': 0.0}, {'trade_id': 20, 'lot1_pnl': -7.0, 'lot2_pnl': -14.0, 'lot3_pnl': -21.0, 'trade_total_pnl': -42.0, 'cumulative_pnl': 1854.0, 'peak_pnl': 1896.0, 'current_drawdown': 42.0}, {'trade_id': 21, 'lot1_pnl': 108.0, 'lot2_pnl': 108.0, 'lot3_pnl': 108.0, 'trade_total_pnl': 324.0, 'cumulative_pnl': 2178.0, 'peak_pnl': 2178.0, 'current_drawdown': 0.0}]",12:3012:31_L1SL10_L2SL20_L3SL30_TP60,12:30-12:31,10,20,30,60
1080.0,-297.0,1200.0,18,6,33.33333333333333,540.0,270.0,270.0,consecutive_losses,"[{'trade_id': 1, 'lot1_pnl': -20.0, 'lot2_pnl': -45.0, 'lot3_pnl': -45.0, 'trade_total_pnl': -110.0, 'cumulative_pnl': -110.0, 'peak_pnl': 0, 'current_drawdown': 110.0}, {'trade_id': 2, 'lot1_pnl': -20.0, 'lot2_pnl': -45.0, 'lot3_pnl': -45.0, 'trade_total_pnl': -110.0, 'cumulative_pnl': -220.0, 'peak_pnl': 0, 'current_drawdown': 220.0}, {'trade_id': 3, 'lot1_pnl': -20.0, 'lot2_pnl': -45.0, 'lot3_pnl': -45.0, 'trade_total_pnl': -110.0, 'cumulative_pnl': -330.0, 'peak_pnl': 0, 'current_drawdown': 330.0}, {'trade_id': 4, 'lot1_pnl': 140.0, 'lot2_pnl': 140.0, 'lot3_pnl': 140.0, 'trade_total_pnl': 420.0, 'cumulative_pnl': 90.0, 'peak_pnl': 90.0, 'current_drawdown': 0.0}, {'trade_id': 5, 'lot1_pnl': -20.0, 'lot2_pnl': -45.0, 'lot3_pnl': -45.0, 'trade_total_pnl': -110.0, 'cumulative_pnl': -20.0, 'peak_pnl': 90.0, 'current_drawdown': 110.0}, {'trade_id': 6, 'lot1_pnl': 140.0, 'lot2_pnl': 140.0, 'lot3_pnl': 140.0, 'trade_total_pnl': 420.0, 'cumulative_pnl': 400.0, 'peak_pnl': 400.0, 'current_drawdown': 0.0}, {'trade_id': 7, 'lot1_pnl': -20.0, 'lot2_pnl': -45.0, 'lot3_pnl': -45.0, 'trade_total_pnl': -110.0, 'cumulative_pnl': 290.0, 'peak_pnl': 400.0, 'current_drawdown': 110.0}, {'trade_id': 8, 'lot1_pnl': -20.0, 'lot2_pnl': -45.0, 'lot3_pnl': -45.0, 'trade_total_pnl': -110.0, 'cumulative_pnl': 180.0, 'peak_pnl': 400.0, 'current_drawdown': 220.0}, {'trade_id': 9, 'lot1_pnl': -20.0, 'lot2_pnl': -45.0, 'lot3_pnl': -45.0, 'trade_total_pnl': -110.0, 'cumulative_pnl': 70.0, 'peak_pnl': 400.0, 'current_drawdown': 330.0}, {'trade_id': 10, 'lot1_pnl': 140.0, 'lot2_pnl': 140.0, 'lot3_pnl': 140.0, 'trade_total_pnl': 420.0, 'cumulative_pnl': 490.0, 'peak_pnl': 490.0, 'current_drawdown': 0.0}, {'trade_id': 11, 'lot1_pnl': -20.0, 'lot2_pnl': -45.0, 'lot3_pnl': -45.0, 'trade_total_pnl': -110.0, 'cumulative_pnl': 380.0, 'peak_pnl': 490.0, 'current_drawdown': 110.0}, {'trade_id': 12, 'lot1_pnl': 140.0, 'lot2_pnl': 140.0, 'lot3_pnl': 140.0, 'trade_total_pnl': 420.0, 'cumulative_pnl': 800.0, 'peak_pnl': 800.0, 'current_drawdown': 0.0}, {'trade_id': 13, 'lot1_pnl': -20.0, 'lot2_pnl': -45.0, 'lot3_pnl': -45.0, 'trade_total_pnl': -110.0, 'cumulative_pnl': 690.0, 'peak_pnl': 800.0, 'current_drawdown': 110.0}, {'trade_id': 14, 'lot1_pnl': -20.0, 'lot2_pnl': -45.0, 'lot3_pnl': -45.0, 'trade_total_pnl': -110.0, 'cumulative_pnl': 580.0, 'peak_pnl': 800.0, 'current_drawdown': 220.0}, {'trade_id': 15, 'lot1_pnl': -20.0, 'lot2_pnl': -45.0, 'lot3_pnl': -45.0, 'trade_total_pnl': -110.0, 'cumulative_pnl': 470.0, 'peak_pnl': 800.0, 'current_drawdown': 330.0}, {'trade_id': 16, 'lot1_pnl': 140.0, 'lot2_pnl': 140.0, 'lot3_pnl': 140.0, 'trade_total_pnl': 420.0, 'cumulative_pnl': 890.0, 'peak_pnl': 890.0, 'current_drawdown': 0.0}, {'trade_id': 17, 'lot1_pnl': -20.0, 'lot2_pnl': -45.0, 'lot3_pnl': -45.0, 'trade_total_pnl': -110.0, 'cumulative_pnl': 780.0, 'peak_pnl': 890.0, 'current_drawdown': 110.0}, {'trade_id': 18, 'lot1_pnl': 140.0, 'lot2_pnl': 140.0, 'lot3_pnl': 140.0, 'trade_total_pnl': 420.0, 'cumulative_pnl': 1200.0, 'peak_pnl': 1200.0, 'current_drawdown': 0.0}]",11:3011:31_L1SL20_L2SL45_L3SL45_TP70,11:30-11:31,20,45,45,70
72.0,-414.0,60.0,18,6,33.33333333333333,144.0,72.0,-144.0,consecutive_losses,"[{'trade_id': 1, 'lot1_pnl': -30.0, 'lot2_pnl': -35.0, 'lot3_pnl': -50.0, 'trade_total_pnl': -115.0, 'cumulative_pnl': -115.0, 'peak_pnl': 0, 'current_drawdown': 115.0}, {'trade_id': 2, 'lot1_pnl': -30.0, 'lot2_pnl': -35.0, 'lot3_pnl': -50.0, 'trade_total_pnl': -115.0, 'cumulative_pnl': -230.0, 'peak_pnl': 0, 'current_drawdown': 230.0}, {'trade_id': 3, 'lot1_pnl': -30.0, 'lot2_pnl': -35.0, 'lot3_pnl': -50.0, 'trade_total_pnl': -115.0, 'cumulative_pnl': -345.0, 'peak_pnl': 0, 'current_drawdown': 345.0}, {'trade_id': 4, 'lot1_pnl': 80.0, 'lot2_pnl': 80.0, 'lot3_pnl': 80.0, 'trade_total_pnl': 240.0, 'cumulative_pnl': -105.0, 'peak_pnl': 0, 'current_drawdown': 105.0}, {'trade_id': 5, 'lot1_pnl': -30.0, 'lot2_pnl': -35.0, 'lot3_pnl': -50.0, 'trade_total_pnl': -115.0, 'cumulative_pnl': -220.0, 'peak_pnl': 0, 'current_drawdown': 220.0}, {'trade_id': 6, 'lot1_pnl': 80.0, 'lot2_pnl': 80.0, 'lot3_pnl': 80.0, 'trade_total_pnl': 240.0, 'cumulative_pnl': 20.0, 'peak_pnl': 20.0, 'current_drawdown': 0.0}, {'trade_id': 7, 'lot1_pnl': -30.0, 'lot2_pnl': -35.0, 'lot3_pnl': -50.0, 'trade_total_pnl': -115.0, 'cumulative_pnl': -95.0, 'peak_pnl': 20.0, 'current_drawdown': 115.0}, {'trade_id': 8, 'lot1_pnl': -30.0, 'lot2_pnl': -35.0, 'lot3_pnl': -50.0, 'trade_total_pnl': -115.0, 'cumulative_pnl': -210.0, 'peak_pnl': 20.0, 'current_drawdown': 230.0}, {'trade_id': 9, 'lot1_pnl': -30.0, 'lot2_pnl': -35.0, 'lot3_pnl': -50.0, 'trade_total_pnl': -115.0, 'cumulative_pnl': -325.0, 'peak_pnl': 20.0, 'current_drawdown': 345.0}, {'trade_id': 10, 'lot1_pnl': 80.0, 'lot2_pnl': 80.0, 'lot3_pnl': 80.0, 'trade_total_pnl': 240.0, 'cumulative_pnl': -85.0, 'peak_pnl': 20.0, 'current_drawdown': 105.0}, {'trade_id': 11, 'lot1_pnl': -30.0, 'lot2_pnl': -35.0, 'lot3_pnl': -50.0, 'trade_total_pnl': -115.0, 'cumulative_pnl': -200.0, 'peak_pnl': 20.0, 'current_drawdown': 220.0}, {'trade_id': 12, 'lot1_pnl': 80.0, 'lot2_pnl': 80.0, 'lot3_pnl': 80.0, 'trade_total_pnl': 240.0, 'cumulative_pnl': 40.0, 'peak_pnl': 40.0, 'current_drawdown': 0.0}, {'trade_id': 13, 'lot1_pnl': -30.0, 'lot2_pnl': -35.0, 'lot3_pnl': -50.0, 'trade_total_pnl': -115.0, 'cumulative_pnl': -75.0, 'peak_pnl': 40.0, 'current_drawdown': 115.0}, {'trade_id': 14, 'lot1_pnl': -30.0, 'lot2_pnl': -35.0, 'lot3_pnl': -50.0, 'trade_total_pnl': -115.0, 'cumulative_pnl': -190.0, 'peak_pnl': 40.0, 'current_drawdown': 230.0}, {'trade_id': 15, 'lot1_pnl': -30.0, 'lot2_pnl': -35.0, 'lot3_pnl': -50.0, 'trade_total_pnl': -115.0, 'cumulative_pnl': -305.0, 'peak_pnl': 40.0, 'current_drawdown': 345.0}, {'trade_id': 16, 'lot1_pnl': 80.0, 'lot2_pnl': 80.0, 'lot3_pnl': 80.0, 'trade_total_pnl': 240.0, 'cumulative_pnl': -65.0, 'peak_pnl': 40.0, 'current_drawdown': 105.0}, {'trade_id': 17, 'lot1_pnl': -30.0, 'lot2_pnl': -35.0, 'lot3_pnl': -50.0, 'trade_total_pnl': -115.0, 'cumulative_pnl': -180.0, 'peak_pnl': 40.0, 'current_drawdown': 220.0}, {'trade_id': 18, 'lot1_pnl': 80.0, 'lot2_pnl': 80.0, 'lot3_pnl': 80.0, 'trade_total_pnl': 240.0, 'cumulative_pnl': 60.0, 'peak_pnl': 60.0, 'current_drawdown': 0.0}]",10:3010:31_L1SL30_L2SL35_L3SL50_TP40,10:30-10:31,30,35,50,40
3696.3,-31.5,4107.0,15,12,80.0,1243.3500000000001,1229.8500000000001,1223.1000000000001,trending_market,"[{'trade_id': 1, 'lot1_pnl': 120.0, 'lot2_pnl': 120.0, 'lot3_pnl': 120.0, 'trade_total_pnl': 360.0, 'cumulative_pnl': 360.0, 'peak_pnl': 360.0, 'current_drawdown': 0.0}, {'trade_id': 2, 'lot1_pnl': 90.0, 'lot2_pnl': 90.0, 'lot3_pnl': 90.0, 'trade_total_pnl': 270.0, 'cumulative_pnl': 630.0, 'peak_pnl': 630.0, 'current_drawdown': 0.0}, {'trade_id': 3, 'lot1_pnl': -7.5, 'lot2_pnl': -12.5, 'lot3_pnl': -15.0, 'trade_total_pnl': -35.0, 'cumulative_pnl': 595.0, 'peak_pnl': 630.0, 'current_drawdown': 35.0}, {'trade_id': 4, 'lot1_pnl': 150.0, 'lot2_pnl': 150.0, 'lot3_pnl': 150.0, 'trade_total_pnl': 450.0, 'cumulative_pnl': 1045.0, 'peak_pnl': 1045.0, 'current_drawdown': 0.0}, {'trade_id': 5, 'lot1_pnl': 108.0, 'lot2_pnl': 108.0, 'lot3_pnl': 108.0, 'trade_total_pnl': 324.0, 'cumulative_pnl': 1369.0, 'peak_pnl': 1369.0, 'current_drawdown': 0.0}, {'trade_id': 6, 'lot1_pnl': 120.0, 'lot2_pnl': 120.0, 'lot3_pnl': 120.0, 'trade_total_pnl': 360.0, 'cumulative_pnl': 1729.0, 'peak_pnl': 1729.0, 'current_drawdown': 0.0}, {'trade_id': 7, 'lot1_pnl': 90.0, 'lot2_pnl': 90.0, 'lot3_pnl': 90.0, 'trade_total_pnl': 270.0, 'cumulative_pnl': 1999.0, 'peak_pnl': 1999.0, 'current_drawdown': 0.0}, {'trade_id': 8, 'lot1_pnl': -7.5, 'lot2_pnl': -12.5, 'lot3_pnl': -15.0, 'trade_total_pnl': -35.0, 'cumulative_pnl': 1964.0, 'peak_pnl': 1999.0, 'current_drawdown': 35.0}, {'trade_id': 9, 'lot1_pnl': 150.0, 'lot2_pnl': 150.0, 'lot3_pnl': 150.0, 'trade_total_pnl': 450.0, 'cumulative_pnl': 2414.0, 'peak_pnl': 2414.0, 'current_drawdown': 0.0}, {'trade_id': 10, 'lot1_pnl': 108.0, 'lot2_pnl': 108.0, 'lot3_pnl': 108.0, 'trade_total_pnl': 324.0, 'cumulative_pnl': 2738.0, 'peak_pnl': 2738.0, 'current_drawdown': 0.0}, {'trade_id': 11, 'lot1_pnl': 120.0, 'lot2_pnl': 120.0, 'lot3_pnl': 120.0, 'trade_total_pnl': 360.0, 'cumulative_pnl': 3098.0, 'peak_pnl': 3098.0, 'current_drawdown': 0.0}, {'trade_id': 12, 'lot1_pnl': 90.0, 'lot2_pnl': 90.0, 'lot3_pnl': 90.0, 'trade_total_pnl': 270.0, 'cumulative_pnl': 3368.0, 'peak_pnl': 3368.0, 'current_drawdown': 0.0}, {'trade_id': 13, 'lot1_pnl': -7.5, 'lot2_pnl': -12.5, 'lot3_pnl': -15.0, 'trade_total_pnl': -35.0, 'cumulative_pnl': 3333.0, 'peak_pnl': 3368.0, 'current_drawdown': 35.0}, {'trade_id': 14, 'lot1_pnl': 150.0, 'lot2_pnl': 150.0, 'lot3_pnl': 150.0, 'trade_total_pnl': 450.0, 'cumulative_pnl': 3783.0, 'peak_pnl': 3783.0, 'current_drawdown': 0.0}, {'trade_id': 15, 'lot1_pnl': 108.0, 'lot2_pnl': 108.0, 'lot3_pnl': 108.0, 'trade_total_pnl': 324.0, 'cumulative_pnl': 4107.0, 'peak_pnl': 4107.0, 'current_drawdown': 0.0}]",11:3011:31_L1SL15_L2SL25_L3SL30_TP60,11:30-11:31,15,25,30,60
-1822.5,-1822.5,0.0,15,0,0.0,-405.0,-607.5,-810.0,worst_case,"[{'trade_id': 1, 'lot1_pnl': -30.0, 'lot2_pnl': -45.0, 'lot3_pnl': -60.0, 'trade_total_pnl': -135.0, 'cumulative_pnl': -135.0, 'peak_pnl': 0, 'current_drawdown': 135.0}, {'trade_id': 2, 'lot1_pnl': -30.0, 'lot2_pnl': -45.0, 'lot3_pnl': -60.0, 'trade_total_pnl': -135.0, 'cumulative_pnl': -270.0, 'peak_pnl': 0, 'current_drawdown': 270.0}, {'trade_id': 3, 'lot1_pnl': -30.0, 'lot2_pnl': -45.0, 'lot3_pnl': -60.0, 'trade_total_pnl': -135.0, 'cumulative_pnl': -405.0, 'peak_pnl': 0, 'current_drawdown': 405.0}, {'trade_id': 4, 'lot1_pnl': -30.0, 'lot2_pnl': -45.0, 'lot3_pnl': -60.0, 'trade_total_pnl': -135.0, 'cumulative_pnl': -540.0, 'peak_pnl': 0, 'current_drawdown': 540.0}, {'trade_id': 5, 'lot1_pnl': -30.0, 'lot2_pnl': -45.0, 'lot3_pnl': -60.0, 'trade_total_pnl': -135.0, 'cumulative_pnl': -675.0, 'peak_pnl': 0, 'current_drawdown': 675.0}, {'trade_id': 6, 'lot1_pnl': -30.0, 'lot2_pnl': -45.0, 'lot3_pnl': -60.0, 'trade_total_pnl': -135.0, 'cumulative_pnl': -810.0, 'peak_pnl': 0, 'current_drawdown': 810.0}, {'trade_id': 7, 'lot1_pnl': -30.0, 'lot2_pnl': -45.0, 'lot3_pnl': -60.0, 'trade_total_pnl': -135.0, 'cumulative_pnl': -945.0, 'peak_pnl': 0, 'current_drawdown': 945.0}, {'trade_id': 8, 'lot1_pnl': -30.0, 'lot2_pnl': -45.0, 'lot3_pnl': -60.0, 'trade_total_pnl': -135.0, 'cumulative_pnl': -1080.0, 'peak_pnl': 0, 'current_drawdown': 1080.0}, {'trade_id': 9, 'lot1_pnl': -30.0, 'lot2_pnl': -45.0, 'lot3_pnl': -60.0, 'trade_total_pnl': -135.0, 'cumulative_pnl': -1215.0, 'peak_pnl': 0, 'current_drawdown': 1215.0}, {'trade_id': 10, 'lot1_pnl': -30.0, 'lot2_pnl': -45.0, 'lot3_pnl': -60.0, 'trade_total_pnl': -135.0, 'cumulative_pnl': -1350.0, 'peak_pnl': 0, 'current_drawdown': 1350.0}, {'trade_id': 11, 'lot1_pnl': -30.0, 'lot2_pnl': -45.0, 'lot3_pnl': -60.0, 'trade_total_pnl': -135.0, 'cumulative_pnl': -1485.0, 'peak_pnl': 0, 'current_drawdown': 1485.0}, {'trade_id': 12, 'lot1_pnl': -30.0, 'lot2_pnl': -45.0, 'lot3_pnl': -60.0, 'trade_total_pnl': -135.0, 'cumulative_pnl': -1620.0, 'peak_pnl': 0, 'current_drawdown': 1620.0}, {'trade_id': 13, 'lot1_pnl': -30.0, 'lot2_pnl': -45.0, 'lot3_pnl': -60.0, 'trade_total_pnl': -135.0, 'cumulative_pnl': -1755.0, 'peak_pnl': 0, 'current_drawdown': 1755.0}, {'trade_id': 14, 'lot1_pnl': -30.0, 'lot2_pnl': -45.0, 'lot3_pnl': -60.0, 'trade_total_pnl': -135.0, 'cumulative_pnl': -1890.0, 'peak_pnl': 0, 'current_drawdown': 1890.0}, {'trade_id': 15, 'lot1_pnl': -30.0, 'lot2_pnl': -45.0, 'lot3_pnl': -60.0, 'trade_total_pnl': -135.0, 'cumulative_pnl': -2025.0, 'peak_pnl': 0, 'current_drawdown': 2025.0}]",11:3011:31_L1SL30_L2SL45_L3SL60_TP80,11:30-11:31,30,45,60,80
3157.2,-151.79999999999998,2631.0,21,12,57.14285714285714,1224.0,1083.6,849.6,volatile_market,"[{'trade_id': 1, 'lot1_pnl': 80.0, 'lot2_pnl': 80.0, 'lot3_pnl': 80.0, 'trade_total_pnl': 240.0, 'cumulative_pnl': 240.0, 'peak_pnl': 240.0, 'current_drawdown': 0.0}, {'trade_id': 2, 'lot1_pnl': -16.0, 'lot2_pnl': -28.0, 'lot3_pnl': -48.0, 'trade_total_pnl': -92.0, 'cumulative_pnl': 148.0, 'peak_pnl': 240.0, 'current_drawdown': 92.0}, {'trade_id': 3, 'lot1_pnl': 96.0, 'lot2_pnl': 96.0, 'lot3_pnl': 96.0, 'trade_total_pnl': 288.0, 'cumulative_pnl': 436.0, 'peak_pnl': 436.0, 'current_drawdown': 0.0}, {'trade_id': 4, 'lot1_pnl': -22.0, 'lot2_pnl': -38.5, 'lot3_pnl': -66.0, 'trade_total_pnl': -126.5, 'cumulative_pnl': 309.5, 'peak_pnl': 436.0, 'current_drawdown': 126.5}, {'trade_id': 5, 'lot1_pnl': 72.0, 'lot2_pnl': 72.0, 'lot3_pnl': 72.0, 'trade_total_pnl': 216.0, 'cumulative_pnl': 525.5, 'peak_pnl': 525.5, 'current_drawdown': 0.0}, {'trade_id': 6, 'lot1_pnl': -14.0, 'lot2_pnl': -24.5, 'lot3_pnl': -42.0, 'trade_total_pnl': -80.5, 'cumulative_pnl': 445.0, 'peak_pnl': 525.5, 'current_drawdown': 80.5}, {'trade_id': 7, 'lot1_pnl': 144.0, 'lot2_pnl': 144.0, 'lot3_pnl': 144.0, 'trade_total_pnl': 432.0, 'cumulative_pnl': 877.0, 'peak_pnl': 877.0, 'current_drawdown': 0.0}, {'trade_id': 8, 'lot1_pnl': 80.0, 'lot2_pnl': 80.0, 'lot3_pnl': 80.0, 'trade_total_pnl': 240.0, 'cumulative_pnl': 1117.0, 'peak_pnl': 1117.0, 'current_drawdown': 0.0}, {'trade_id': 9, 'lot1_pnl': -16.0, 'lot2_pnl': -28.0, 'lot3_pnl': -48.0, 'trade_total_pnl': -92.0, 'cumulative_pnl': 1025.0, 'peak_pnl': 1117.0, 'current_drawdown': 92.0}, {'trade_id': 10, 'lot1_pnl': 96.0, 'lot2_pnl': 96.0, 'lot3_pnl': 96.0, 'trade_total_pnl': 288.0, 'cumulative_pnl': 1313.0, 'peak_pnl': 1313.0, 'current_drawdown': 0.0}, {'trade_id': 11, 'lot1_pnl': -22.0, 'lot2_pnl': -38.5, 'lot3_pnl': -66.0, 'trade_total_pnl': -126.5, 'cumulative_pnl': 1186.5, 'peak_pnl': 1313.0, 'current_drawdown': 126.5}, {'trade_id': 12, 'lot1_pnl': 72.0, 'lot2_pnl': 72.0, 'lot3_pnl': 72.0, 'trade_total_pnl': 216.0, 'cumulative_pnl': 1402.5, 'peak_pnl': 1402.5, 'current_drawdown': 0.0}, {'trade_id': 13, 'lot1_pnl': -14.0, 'lot2_pnl': -24.5, 'lot3_pnl': -42.0, 'trade_total_pnl': -80.5, 'cumulative_pnl': 1322.0, 'peak_pnl': 1402.5, 'current_drawdown': 80.5}, {'trade_id': 14, 'lot1_pnl': 144.0, 'lot2_pnl': 144.0, 'lot3_pnl': 144.0, 'trade_total_pnl': 432.0, 'cumulative_pnl': 1754.0, 'peak_pnl': 1754.0, 'current_drawdown': 0.0}, {'trade_id': 15, 'lot1_pnl': 80.0, 'lot2_pnl': 80.0, 'lot3_pnl': 80.0, 'trade_total_pnl': 240.0, 'cumulative_pnl': 1994.0, 'peak_pnl': 1994.0, 'current_drawdown': 0.0}, {'trade_id': 16, 'lot1_pnl': -16.0, 'lot2_pnl': -28.0, 'lot3_pnl': -48.0, 'trade_total_pnl': -92.0, 'cumulative_pnl': 1902.0, 'peak_pnl': 1994.0, 'current_drawdown': 92.0}, {'trade_id': 17, 'lot1_pnl': 96.0, 'lot2_pnl': 96.0, 'lot3_pnl': 96.0, 'trade_total_pnl': 288.0, 'cumulative_pnl': 2190.0, 'peak_pnl': 2190.0, 'current_drawdown': 0.0}, {'trade_id': 18, 'lot1_pnl': -22.0, 'lot2_pnl': -38.5, 'lot3_pnl': -66.0, 'trade_total_pnl': -126.5, 'cumulative_pnl': 2063.5, 'peak_pnl': 2190.0, 'current_drawdown': 126.5}, {'trade_id': 19, 'lot1_pnl': 72.0, 'lot2_pnl': 72.0, 'lot3_pnl': 72.0, 'trade_total_pnl': 216.0, 'cumulative_pnl': 2279.5, 'peak_pnl': 2279.5, 'current_drawdown': 0.0}, {'trade_id': 20, 'lot1_pnl': -14.0, 'lot2_pnl': -24.5, 'lot3_pnl': -42.0, 'trade_total_pnl': -80.5, 'cumulative_pnl': 2199.0, 'peak_pnl': 2279.5, 'current_drawdown': 80.5}, {'trade_id': 21, 'lot1_pnl': 144.0, 'lot2_pnl': 144.0, 'lot3_pnl': 144.0, 'trade_total_pnl': 432.0, 'cumulative_pnl': 2631.0, 'peak_pnl': 2631.0, 'current_drawdown': 0.0}]",10:3010:31_L1SL20_L2SL35_L3SL60_TP80,10:30-10:31,20,35,60,80
